-- --------------------------------------------------------
-- Host:                         127.0.0.1
-- Versión del servidor:         5.7.36 - MySQL Community Server (GPL)
-- SO del servidor:              Win64
-- HeidiSQL Versión:             11.3.0.6295
-- --------------------------------------------------------

/*!40101 SET @OLD_CHARACTER_SET_CLIENT=@@CHARACTER_SET_CLIENT */;
/*!40101 SET NAMES utf8 */;
/*!50503 SET NAMES utf8mb4 */;
/*!40014 SET @OLD_FOREIGN_KEY_CHECKS=@@FOREIGN_KEY_CHECKS, FOREIGN_KEY_CHECKS=0 */;
/*!40101 SET @OLD_SQL_MODE=@@SQL_MODE, SQL_MODE='NO_AUTO_VALUE_ON_ZERO' */;
/*!40111 SET @OLD_SQL_NOTES=@@SQL_NOTES, SQL_NOTES=0 */;


-- Volcando estructura de base de datos para blog3-9-b
CREATE DATABASE IF NOT EXISTS `blog3-9-b` /*!40100 DEFAULT CHARACTER SET utf8 COLLATE utf8_unicode_ci */;
USE `blog3-9-b`;

-- Volcando estructura para tabla blog3-9-b.catas
CREATE TABLE IF NOT EXISTS `catas` (
  `id` bigint(20) unsigned NOT NULL AUTO_INCREMENT,
  `status` enum('1','2') COLLATE utf8mb4_unicode_ci NOT NULL DEFAULT '2',
  `title` varchar(50) COLLATE utf8mb4_unicode_ci NOT NULL,
  `slug` varchar(70) COLLATE utf8mb4_unicode_ci NOT NULL,
  `icon` varchar(255) COLLATE utf8mb4_unicode_ci DEFAULT NULL,
  `created_at` timestamp NULL DEFAULT NULL,
  `updated_at` timestamp NULL DEFAULT NULL,
  PRIMARY KEY (`id`),
  UNIQUE KEY `catas_title_unique` (`title`)
) ENGINE=InnoDB AUTO_INCREMENT=11 DEFAULT CHARSET=utf8mb4 COLLATE=utf8mb4_unicode_ci;

-- Volcando datos para la tabla blog3-9-b.catas: ~10 rows (aproximadamente)
/*!40000 ALTER TABLE `catas` DISABLE KEYS */;
INSERT INTO `catas` (`id`, `status`, `title`, `slug`, `icon`, `created_at`, `updated_at`) VALUES
	(1, '2', 'Odit explicabo.', 'odit-explicabo', 'storage/post/b847206bfc4358f462dfa4a27d18d68e.png', '2022-05-07 13:33:56', '2022-05-07 13:33:56'),
	(2, '2', 'Repudiandae.', 'repudiandae', 'storage/post/8c7d0cb6dd4dc2edb243b470837f5365.png', '2022-05-07 13:33:56', '2022-05-07 13:33:56'),
	(3, '1', 'Illum dolore.', 'illum-dolore', 'storage/post/4335a44dd5e9bc079affbb8cca05cc2d.png', '2022-05-07 13:33:56', '2022-05-07 13:33:56'),
	(4, '1', 'Non rem in qui.', 'non-rem-in-qui', 'storage/post/04c22a547381d48e63239a1a96ed9e27.png', '2022-05-07 13:33:56', '2022-05-07 13:33:56'),
	(5, '2', 'Nihil quasi.', 'nihil-quasi', 'storage/post/80fa3aaff148d42e01757dc7cc3c8f7a.png', '2022-05-07 13:33:56', '2022-05-07 13:33:56'),
	(6, '2', 'Quia corporis.', 'quia-corporis', 'storage/post/52725647a86dfea07628044ade5cd38a.png', '2022-05-07 13:33:56', '2022-05-07 13:33:56'),
	(7, '2', 'Aut quaerat.', 'aut-quaerat', 'storage/post/44c5530f01471426e72edb6fae8f3c19.png', '2022-05-07 13:33:56', '2022-05-07 13:33:56'),
	(8, '1', 'Iusto iusto.', 'iusto-iusto', 'storage/post/d059a7db186db4d3d1c4bc4093b22752.png', '2022-05-07 13:33:56', '2022-05-07 13:33:56'),
	(9, '1', 'Doloribus.', 'doloribus', 'storage/post/669d8083d958a1d303d7f577067e407b.png', '2022-05-07 13:33:56', '2022-05-07 13:33:56'),
	(10, '1', 'Facere quia.', 'facere-quia', 'storage/post/485d572800d4d53150613fdd3e0263ac.png', '2022-05-07 13:33:56', '2022-05-07 13:33:56');
/*!40000 ALTER TABLE `catas` ENABLE KEYS */;

-- Volcando estructura para tabla blog3-9-b.cata_category
CREATE TABLE IF NOT EXISTS `cata_category` (
  `id` bigint(20) unsigned NOT NULL AUTO_INCREMENT,
  `category_id` bigint(20) unsigned NOT NULL,
  `cata_id` bigint(20) unsigned NOT NULL,
  `created_at` timestamp NULL DEFAULT NULL,
  `updated_at` timestamp NULL DEFAULT NULL,
  PRIMARY KEY (`id`),
  KEY `cata_category_category_id_foreign` (`category_id`),
  KEY `cata_category_cata_id_foreign` (`cata_id`),
  CONSTRAINT `cata_category_cata_id_foreign` FOREIGN KEY (`cata_id`) REFERENCES `catas` (`id`) ON DELETE CASCADE,
  CONSTRAINT `cata_category_category_id_foreign` FOREIGN KEY (`category_id`) REFERENCES `categories` (`id`) ON DELETE CASCADE
) ENGINE=InnoDB AUTO_INCREMENT=21 DEFAULT CHARSET=utf8mb4 COLLATE=utf8mb4_unicode_ci;

-- Volcando datos para la tabla blog3-9-b.cata_category: ~20 rows (aproximadamente)
/*!40000 ALTER TABLE `cata_category` DISABLE KEYS */;
INSERT INTO `cata_category` (`id`, `category_id`, `cata_id`, `created_at`, `updated_at`) VALUES
	(1, 1, 3, NULL, NULL),
	(2, 1, 7, NULL, NULL),
	(3, 2, 1, NULL, NULL),
	(4, 2, 10, NULL, NULL),
	(5, 3, 1, NULL, NULL),
	(6, 3, 10, NULL, NULL),
	(7, 4, 3, NULL, NULL),
	(8, 4, 9, NULL, NULL),
	(9, 5, 5, NULL, NULL),
	(10, 5, 9, NULL, NULL),
	(11, 6, 5, NULL, NULL),
	(12, 6, 9, NULL, NULL),
	(13, 7, 4, NULL, NULL),
	(14, 7, 6, NULL, NULL),
	(15, 8, 4, NULL, NULL),
	(16, 8, 9, NULL, NULL),
	(17, 9, 5, NULL, NULL),
	(18, 9, 6, NULL, NULL),
	(19, 10, 3, NULL, NULL),
	(20, 10, 8, NULL, NULL);
/*!40000 ALTER TABLE `cata_category` ENABLE KEYS */;

-- Volcando estructura para tabla blog3-9-b.categories
CREATE TABLE IF NOT EXISTS `categories` (
  `id` bigint(20) unsigned NOT NULL AUTO_INCREMENT,
  `status` enum('1','2') COLLATE utf8mb4_unicode_ci NOT NULL DEFAULT '2',
  `title` varchar(50) COLLATE utf8mb4_unicode_ci NOT NULL,
  `slug` varchar(70) COLLATE utf8mb4_unicode_ci NOT NULL,
  `icon` varchar(255) COLLATE utf8mb4_unicode_ci DEFAULT NULL,
  `created_at` timestamp NULL DEFAULT NULL,
  `updated_at` timestamp NULL DEFAULT NULL,
  PRIMARY KEY (`id`),
  UNIQUE KEY `categories_title_unique` (`title`)
) ENGINE=InnoDB AUTO_INCREMENT=11 DEFAULT CHARSET=utf8mb4 COLLATE=utf8mb4_unicode_ci;

-- Volcando datos para la tabla blog3-9-b.categories: ~10 rows (aproximadamente)
/*!40000 ALTER TABLE `categories` DISABLE KEYS */;
INSERT INTO `categories` (`id`, `status`, `title`, `slug`, `icon`, `created_at`, `updated_at`) VALUES
	(1, '1', 'Aut asperiores sint.', 'aut-asperiores-sint', 'storage/post/df92bbfb41b88e59a5ba8b8ebcd4e1bb.png', '2022-05-07 13:33:59', '2022-05-07 13:33:59'),
	(2, '2', 'Ad odit.', 'ad-odit', 'storage/post/ba0d4daa0966cb568468ba51721482bb.png', '2022-05-07 13:33:59', '2022-05-07 13:33:59'),
	(3, '1', 'Tempore quas.', 'tempore-quas', 'storage/post/c5aaa45f578eb1dea132271cf9589143.png', '2022-05-07 13:33:59', '2022-05-07 13:33:59'),
	(4, '1', 'Voluptas sint aut.', 'voluptas-sint-aut', 'storage/post/3f0b422a5ae52937d11a88d0f562e54a.png', '2022-05-07 13:33:59', '2022-05-07 13:33:59'),
	(5, '2', 'Et eos.', 'et-eos', 'storage/post/de073bbc0b560ec36840f359b76c081c.png', '2022-05-07 13:33:59', '2022-05-07 13:33:59'),
	(6, '2', 'Quia et et.', 'quia-et-et', 'storage/post/e920424389a33196136f727301b6fcbc.png', '2022-05-07 13:33:59', '2022-05-07 13:33:59'),
	(7, '2', 'Sapiente et magnam.', 'sapiente-et-magnam', 'storage/post/a25c5959519a55eb8b13a0cf0bae31d7.png', '2022-05-07 13:33:59', '2022-05-07 13:33:59'),
	(8, '2', 'Delectus et ipsam.', 'delectus-et-ipsam', 'storage/post/339d452fdd8cfd390c4ca9a1e654340e.png', '2022-05-07 13:33:59', '2022-05-07 13:33:59'),
	(9, '1', 'Soluta sapiente amet.', 'soluta-sapiente-amet', 'storage/post/db331c7e45867b7465524f1fc5cf3b88.png', '2022-05-07 13:33:59', '2022-05-07 13:33:59'),
	(10, '2', 'Inventore eius cum.', 'inventore-eius-cum', 'storage/post/5cd1d24659b3661c5e76c479935bb987.png', '2022-05-07 13:33:59', '2022-05-07 13:33:59');
/*!40000 ALTER TABLE `categories` ENABLE KEYS */;

-- Volcando estructura para tabla blog3-9-b.comments
CREATE TABLE IF NOT EXISTS `comments` (
  `id` bigint(20) unsigned NOT NULL AUTO_INCREMENT,
  `status` enum('1','2') COLLATE utf8mb4_unicode_ci NOT NULL DEFAULT '2',
  `user_id` bigint(20) unsigned NOT NULL,
  `post_id` bigint(20) unsigned NOT NULL,
  `parent_id` bigint(20) unsigned DEFAULT NULL,
  `content` text COLLATE utf8mb4_unicode_ci NOT NULL,
  `created_at` timestamp NULL DEFAULT NULL,
  `updated_at` timestamp NULL DEFAULT NULL,
  PRIMARY KEY (`id`),
  KEY `comments_user_id_foreign` (`user_id`),
  KEY `comments_post_id_foreign` (`post_id`),
  KEY `comments_parent_id_foreign` (`parent_id`),
  CONSTRAINT `comments_parent_id_foreign` FOREIGN KEY (`parent_id`) REFERENCES `comments` (`id`) ON DELETE CASCADE,
  CONSTRAINT `comments_post_id_foreign` FOREIGN KEY (`post_id`) REFERENCES `posts` (`id`) ON DELETE CASCADE,
  CONSTRAINT `comments_user_id_foreign` FOREIGN KEY (`user_id`) REFERENCES `users` (`id`) ON DELETE CASCADE
) ENGINE=InnoDB AUTO_INCREMENT=526 DEFAULT CHARSET=utf8mb4 COLLATE=utf8mb4_unicode_ci;

-- Volcando datos para la tabla blog3-9-b.comments: ~500 rows (aproximadamente)
/*!40000 ALTER TABLE `comments` DISABLE KEYS */;
INSERT INTO `comments` (`id`, `status`, `user_id`, `post_id`, `parent_id`, `content`, `created_at`, `updated_at`) VALUES
	(1, '1', 1, 11, 1, 'Repellendus consequatur eius quibusdam magnam eos. Provident sed quia et et. Velit asperiores dolor impedit sint ullam.', '2022-05-07 13:34:40', '2022-05-07 13:34:40'),
	(2, '1', 1, 11, 1, 'Repellendus consequatur eius quibusdam magnam eos. Provident sed quia et et. Velit asperiores dolor impedit sint ullam.', '2022-05-07 13:34:40', '2022-05-07 13:34:40'),
	(3, '1', 1, 11, 1, 'Repellendus consequatur eius quibusdam magnam eos. Provident sed quia et et. Velit asperiores dolor impedit sint ullam.', '2022-05-07 13:34:40', '2022-05-07 13:34:40'),
	(4, '1', 9, 11, 1, 'Repellendus consequatur eius quibusdam magnam eos. Provident sed quia et et. Velit asperiores dolor impedit sint ullam.', '2022-05-07 13:34:40', '2022-05-07 13:34:40'),
	(5, '1', 6, 11, 1, 'Repellendus consequatur eius quibusdam magnam eos. Provident sed quia et et. Velit asperiores dolor impedit sint ullam.', '2022-05-07 13:34:40', '2022-05-07 13:34:40'),
	(6, '1', 2, 12, 1, 'Quae incidunt architecto sapiente et incidunt deleniti voluptates qui. Non sint ullam laudantium reiciendis a est ipsum. Ullam odit neque voluptas quia.', '2022-05-07 13:34:40', '2022-05-07 13:34:40'),
	(7, '1', 2, 12, 1, 'Quae incidunt architecto sapiente et incidunt deleniti voluptates qui. Non sint ullam laudantium reiciendis a est ipsum. Ullam odit neque voluptas quia.', '2022-05-07 13:34:40', '2022-05-07 13:34:40'),
	(8, '1', 8, 12, 1, 'Quae incidunt architecto sapiente et incidunt deleniti voluptates qui. Non sint ullam laudantium reiciendis a est ipsum. Ullam odit neque voluptas quia.', '2022-05-07 13:34:40', '2022-05-07 13:34:40'),
	(9, '1', 5, 12, 1, 'Quae incidunt architecto sapiente et incidunt deleniti voluptates qui. Non sint ullam laudantium reiciendis a est ipsum. Ullam odit neque voluptas quia.', '2022-05-07 13:34:40', '2022-05-07 13:34:40'),
	(10, '1', 4, 12, 1, 'Quae incidunt architecto sapiente et incidunt deleniti voluptates qui. Non sint ullam laudantium reiciendis a est ipsum. Ullam odit neque voluptas quia.', '2022-05-07 13:34:40', '2022-05-07 13:34:40'),
	(11, '1', 8, 13, 1, 'At quis saepe eaque omnis cumque et aut neque. Numquam facilis autem optio et. Quam enim et molestiae optio repudiandae nihil tenetur in. Harum soluta nostrum assumenda ducimus quibusdam qui corrupti.', '2022-05-07 13:34:40', '2022-05-07 13:34:40'),
	(12, '1', 6, 13, 1, 'At quis saepe eaque omnis cumque et aut neque. Numquam facilis autem optio et. Quam enim et molestiae optio repudiandae nihil tenetur in. Harum soluta nostrum assumenda ducimus quibusdam qui corrupti.', '2022-05-07 13:34:40', '2022-05-07 13:34:40'),
	(13, '1', 6, 13, 1, 'At quis saepe eaque omnis cumque et aut neque. Numquam facilis autem optio et. Quam enim et molestiae optio repudiandae nihil tenetur in. Harum soluta nostrum assumenda ducimus quibusdam qui corrupti.', '2022-05-07 13:34:40', '2022-05-07 13:34:40'),
	(14, '1', 1, 13, 1, 'At quis saepe eaque omnis cumque et aut neque. Numquam facilis autem optio et. Quam enim et molestiae optio repudiandae nihil tenetur in. Harum soluta nostrum assumenda ducimus quibusdam qui corrupti.', '2022-05-07 13:34:40', '2022-05-07 13:34:40'),
	(15, '1', 10, 13, 1, 'At quis saepe eaque omnis cumque et aut neque. Numquam facilis autem optio et. Quam enim et molestiae optio repudiandae nihil tenetur in. Harum soluta nostrum assumenda ducimus quibusdam qui corrupti.', '2022-05-07 13:34:40', '2022-05-07 13:34:40'),
	(16, '1', 7, 14, 1, 'Et est aspernatur alias aliquid et placeat. Exercitationem qui sit at minima sunt aspernatur. Architecto eos consequuntur quam est. Labore accusantium id dolor praesentium consequatur sunt fugiat.', '2022-05-07 13:34:40', '2022-05-07 13:34:40'),
	(17, '1', 2, 14, 1, 'Et est aspernatur alias aliquid et placeat. Exercitationem qui sit at minima sunt aspernatur. Architecto eos consequuntur quam est. Labore accusantium id dolor praesentium consequatur sunt fugiat.', '2022-05-07 13:34:40', '2022-05-07 13:34:40'),
	(18, '1', 11, 14, 1, 'Et est aspernatur alias aliquid et placeat. Exercitationem qui sit at minima sunt aspernatur. Architecto eos consequuntur quam est. Labore accusantium id dolor praesentium consequatur sunt fugiat.', '2022-05-07 13:34:40', '2022-05-07 13:34:40'),
	(19, '1', 5, 14, 1, 'Et est aspernatur alias aliquid et placeat. Exercitationem qui sit at minima sunt aspernatur. Architecto eos consequuntur quam est. Labore accusantium id dolor praesentium consequatur sunt fugiat.', '2022-05-07 13:34:40', '2022-05-07 13:34:40'),
	(20, '1', 6, 14, 1, 'Et est aspernatur alias aliquid et placeat. Exercitationem qui sit at minima sunt aspernatur. Architecto eos consequuntur quam est. Labore accusantium id dolor praesentium consequatur sunt fugiat.', '2022-05-07 13:34:40', '2022-05-07 13:34:40'),
	(21, '1', 11, 15, 1, 'Repudiandae rem velit et nisi tempore commodi. Assumenda dolorem sit sapiente velit. Rerum et reprehenderit suscipit cum natus amet vitae quas. Quasi minus nisi maxime error omnis.', '2022-05-07 13:34:40', '2022-05-07 13:34:40'),
	(22, '1', 8, 15, 1, 'Repudiandae rem velit et nisi tempore commodi. Assumenda dolorem sit sapiente velit. Rerum et reprehenderit suscipit cum natus amet vitae quas. Quasi minus nisi maxime error omnis.', '2022-05-07 13:34:40', '2022-05-07 13:34:40'),
	(23, '1', 1, 15, 1, 'Repudiandae rem velit et nisi tempore commodi. Assumenda dolorem sit sapiente velit. Rerum et reprehenderit suscipit cum natus amet vitae quas. Quasi minus nisi maxime error omnis.', '2022-05-07 13:34:40', '2022-05-07 13:34:40'),
	(24, '1', 3, 15, 1, 'Repudiandae rem velit et nisi tempore commodi. Assumenda dolorem sit sapiente velit. Rerum et reprehenderit suscipit cum natus amet vitae quas. Quasi minus nisi maxime error omnis.', '2022-05-07 13:34:40', '2022-05-07 13:34:40'),
	(25, '1', 2, 15, 1, 'Repudiandae rem velit et nisi tempore commodi. Assumenda dolorem sit sapiente velit. Rerum et reprehenderit suscipit cum natus amet vitae quas. Quasi minus nisi maxime error omnis.', '2022-05-07 13:34:40', '2022-05-07 13:34:40'),
	(26, '1', 1, 16, 1, 'Omnis ut quam nulla nesciunt sit alias quis. Corporis earum sequi exercitationem quam totam vel consectetur. Est esse aliquid sunt error. Et corrupti dignissimos ab corporis.', '2022-05-07 13:34:40', '2022-05-07 13:34:40'),
	(27, '1', 8, 16, 1, 'Omnis ut quam nulla nesciunt sit alias quis. Corporis earum sequi exercitationem quam totam vel consectetur. Est esse aliquid sunt error. Et corrupti dignissimos ab corporis.', '2022-05-07 13:34:40', '2022-05-07 13:34:40'),
	(28, '1', 9, 16, 1, 'Omnis ut quam nulla nesciunt sit alias quis. Corporis earum sequi exercitationem quam totam vel consectetur. Est esse aliquid sunt error. Et corrupti dignissimos ab corporis.', '2022-05-07 13:34:40', '2022-05-07 13:34:40'),
	(29, '1', 4, 16, 1, 'Omnis ut quam nulla nesciunt sit alias quis. Corporis earum sequi exercitationem quam totam vel consectetur. Est esse aliquid sunt error. Et corrupti dignissimos ab corporis.', '2022-05-07 13:34:40', '2022-05-07 13:34:40'),
	(30, '1', 9, 16, 1, 'Omnis ut quam nulla nesciunt sit alias quis. Corporis earum sequi exercitationem quam totam vel consectetur. Est esse aliquid sunt error. Et corrupti dignissimos ab corporis.', '2022-05-07 13:34:40', '2022-05-07 13:34:40'),
	(31, '1', 11, 17, 1, 'Minus eum vel quos voluptates veniam voluptatibus ipsum. Facilis eum doloribus voluptatem incidunt officiis corrupti quos. In molestiae consequuntur non nesciunt doloribus ut sit.', '2022-05-07 13:34:40', '2022-05-07 13:34:40'),
	(32, '1', 7, 17, 1, 'Minus eum vel quos voluptates veniam voluptatibus ipsum. Facilis eum doloribus voluptatem incidunt officiis corrupti quos. In molestiae consequuntur non nesciunt doloribus ut sit.', '2022-05-07 13:34:40', '2022-05-07 13:34:40'),
	(33, '1', 1, 17, 1, 'Minus eum vel quos voluptates veniam voluptatibus ipsum. Facilis eum doloribus voluptatem incidunt officiis corrupti quos. In molestiae consequuntur non nesciunt doloribus ut sit.', '2022-05-07 13:34:40', '2022-05-07 13:34:40'),
	(34, '1', 1, 17, 1, 'Minus eum vel quos voluptates veniam voluptatibus ipsum. Facilis eum doloribus voluptatem incidunt officiis corrupti quos. In molestiae consequuntur non nesciunt doloribus ut sit.', '2022-05-07 13:34:40', '2022-05-07 13:34:40'),
	(35, '1', 11, 17, 1, 'Minus eum vel quos voluptates veniam voluptatibus ipsum. Facilis eum doloribus voluptatem incidunt officiis corrupti quos. In molestiae consequuntur non nesciunt doloribus ut sit.', '2022-05-07 13:34:40', '2022-05-07 13:34:40'),
	(36, '1', 7, 18, 1, 'Iusto quos debitis ut laboriosam. Accusantium ut optio facilis autem impedit omnis eligendi. Blanditiis accusamus ut fugiat nesciunt rerum sed iste. Ut ab quod nobis dolores earum. Rem animi dolor sit nobis quo iusto iusto. Autem natus ad qui et repellat.', '2022-05-07 13:34:40', '2022-05-07 13:34:40'),
	(37, '1', 1, 18, 1, 'Iusto quos debitis ut laboriosam. Accusantium ut optio facilis autem impedit omnis eligendi. Blanditiis accusamus ut fugiat nesciunt rerum sed iste. Ut ab quod nobis dolores earum. Rem animi dolor sit nobis quo iusto iusto. Autem natus ad qui et repellat.', '2022-05-07 13:34:40', '2022-05-07 13:34:40'),
	(38, '1', 10, 18, 1, 'Iusto quos debitis ut laboriosam. Accusantium ut optio facilis autem impedit omnis eligendi. Blanditiis accusamus ut fugiat nesciunt rerum sed iste. Ut ab quod nobis dolores earum. Rem animi dolor sit nobis quo iusto iusto. Autem natus ad qui et repellat.', '2022-05-07 13:34:40', '2022-05-07 13:34:40'),
	(39, '1', 8, 18, 1, 'Iusto quos debitis ut laboriosam. Accusantium ut optio facilis autem impedit omnis eligendi. Blanditiis accusamus ut fugiat nesciunt rerum sed iste. Ut ab quod nobis dolores earum. Rem animi dolor sit nobis quo iusto iusto. Autem natus ad qui et repellat.', '2022-05-07 13:34:40', '2022-05-07 13:34:40'),
	(40, '1', 7, 18, 1, 'Iusto quos debitis ut laboriosam. Accusantium ut optio facilis autem impedit omnis eligendi. Blanditiis accusamus ut fugiat nesciunt rerum sed iste. Ut ab quod nobis dolores earum. Rem animi dolor sit nobis quo iusto iusto. Autem natus ad qui et repellat.', '2022-05-07 13:34:40', '2022-05-07 13:34:40'),
	(41, '1', 9, 19, 1, 'Distinctio sunt maiores est sint illum. Voluptas magni aliquam consequuntur non dolor. Reprehenderit rerum optio blanditiis ab quaerat ea. Earum numquam nobis doloribus voluptatibus temporibus possimus. Delectus illum cumque ex libero dolorum. Perferendis itaque non expedita.', '2022-05-07 13:34:40', '2022-05-07 13:34:40'),
	(42, '1', 10, 19, 1, 'Distinctio sunt maiores est sint illum. Voluptas magni aliquam consequuntur non dolor. Reprehenderit rerum optio blanditiis ab quaerat ea. Earum numquam nobis doloribus voluptatibus temporibus possimus. Delectus illum cumque ex libero dolorum. Perferendis itaque non expedita.', '2022-05-07 13:34:40', '2022-05-07 13:34:40'),
	(43, '1', 9, 19, 1, 'Distinctio sunt maiores est sint illum. Voluptas magni aliquam consequuntur non dolor. Reprehenderit rerum optio blanditiis ab quaerat ea. Earum numquam nobis doloribus voluptatibus temporibus possimus. Delectus illum cumque ex libero dolorum. Perferendis itaque non expedita.', '2022-05-07 13:34:40', '2022-05-07 13:34:40'),
	(44, '1', 3, 19, 1, 'Distinctio sunt maiores est sint illum. Voluptas magni aliquam consequuntur non dolor. Reprehenderit rerum optio blanditiis ab quaerat ea. Earum numquam nobis doloribus voluptatibus temporibus possimus. Delectus illum cumque ex libero dolorum. Perferendis itaque non expedita.', '2022-05-07 13:34:40', '2022-05-07 13:34:40'),
	(45, '1', 5, 19, 1, 'Distinctio sunt maiores est sint illum. Voluptas magni aliquam consequuntur non dolor. Reprehenderit rerum optio blanditiis ab quaerat ea. Earum numquam nobis doloribus voluptatibus temporibus possimus. Delectus illum cumque ex libero dolorum. Perferendis itaque non expedita.', '2022-05-07 13:34:40', '2022-05-07 13:34:40'),
	(46, '1', 8, 20, 1, 'Ipsum itaque facilis ut eligendi. Dolorem vitae et rerum est. Molestiae fugiat voluptas et vero iusto. Sint voluptates natus porro ipsa quia. Enim rerum molestiae est expedita nesciunt voluptates. Dolorem quis aut pariatur repellendus nulla. Deleniti et necessitatibus laboriosam et id.', '2022-05-07 13:34:40', '2022-05-07 13:34:40'),
	(47, '1', 8, 20, 1, 'Ipsum itaque facilis ut eligendi. Dolorem vitae et rerum est. Molestiae fugiat voluptas et vero iusto. Sint voluptates natus porro ipsa quia. Enim rerum molestiae est expedita nesciunt voluptates. Dolorem quis aut pariatur repellendus nulla. Deleniti et necessitatibus laboriosam et id.', '2022-05-07 13:34:40', '2022-05-07 13:34:40'),
	(48, '1', 1, 20, 1, 'Ipsum itaque facilis ut eligendi. Dolorem vitae et rerum est. Molestiae fugiat voluptas et vero iusto. Sint voluptates natus porro ipsa quia. Enim rerum molestiae est expedita nesciunt voluptates. Dolorem quis aut pariatur repellendus nulla. Deleniti et necessitatibus laboriosam et id.', '2022-05-07 13:34:40', '2022-05-07 13:34:40'),
	(49, '1', 3, 20, 1, 'Ipsum itaque facilis ut eligendi. Dolorem vitae et rerum est. Molestiae fugiat voluptas et vero iusto. Sint voluptates natus porro ipsa quia. Enim rerum molestiae est expedita nesciunt voluptates. Dolorem quis aut pariatur repellendus nulla. Deleniti et necessitatibus laboriosam et id.', '2022-05-07 13:34:40', '2022-05-07 13:34:40'),
	(50, '1', 8, 20, 1, 'Ipsum itaque facilis ut eligendi. Dolorem vitae et rerum est. Molestiae fugiat voluptas et vero iusto. Sint voluptates natus porro ipsa quia. Enim rerum molestiae est expedita nesciunt voluptates. Dolorem quis aut pariatur repellendus nulla. Deleniti et necessitatibus laboriosam et id.', '2022-05-07 13:34:40', '2022-05-07 13:34:40'),
	(51, '1', 11, 21, 1, 'Omnis reiciendis repudiandae et inventore nam omnis. Inventore earum excepturi iure eveniet dolores quis. Dolores voluptatem sed quo iusto eum. Sint hic assumenda blanditiis dolore.', '2022-05-07 13:34:40', '2022-05-07 13:34:40'),
	(52, '1', 4, 21, 1, 'Omnis reiciendis repudiandae et inventore nam omnis. Inventore earum excepturi iure eveniet dolores quis. Dolores voluptatem sed quo iusto eum. Sint hic assumenda blanditiis dolore.', '2022-05-07 13:34:40', '2022-05-07 13:34:40'),
	(53, '1', 5, 21, 1, 'Omnis reiciendis repudiandae et inventore nam omnis. Inventore earum excepturi iure eveniet dolores quis. Dolores voluptatem sed quo iusto eum. Sint hic assumenda blanditiis dolore.', '2022-05-07 13:34:40', '2022-05-07 13:34:40'),
	(54, '1', 10, 21, 1, 'Omnis reiciendis repudiandae et inventore nam omnis. Inventore earum excepturi iure eveniet dolores quis. Dolores voluptatem sed quo iusto eum. Sint hic assumenda blanditiis dolore.', '2022-05-07 13:34:40', '2022-05-07 13:34:40'),
	(55, '1', 6, 21, 1, 'Omnis reiciendis repudiandae et inventore nam omnis. Inventore earum excepturi iure eveniet dolores quis. Dolores voluptatem sed quo iusto eum. Sint hic assumenda blanditiis dolore.', '2022-05-07 13:34:40', '2022-05-07 13:34:40'),
	(56, '1', 9, 22, 1, 'Qui enim sed molestias reprehenderit assumenda delectus. Dolor consectetur consequuntur atque ut ut sunt. Sunt ullam omnis quod praesentium magni. Magni voluptatem et ad rerum tenetur id qui. Sequi eum ab sit aperiam quasi in voluptas a.', '2022-05-07 13:34:40', '2022-05-07 13:34:40'),
	(57, '1', 2, 22, 1, 'Qui enim sed molestias reprehenderit assumenda delectus. Dolor consectetur consequuntur atque ut ut sunt. Sunt ullam omnis quod praesentium magni. Magni voluptatem et ad rerum tenetur id qui. Sequi eum ab sit aperiam quasi in voluptas a.', '2022-05-07 13:34:40', '2022-05-07 13:34:40'),
	(58, '1', 11, 22, 1, 'Qui enim sed molestias reprehenderit assumenda delectus. Dolor consectetur consequuntur atque ut ut sunt. Sunt ullam omnis quod praesentium magni. Magni voluptatem et ad rerum tenetur id qui. Sequi eum ab sit aperiam quasi in voluptas a.', '2022-05-07 13:34:40', '2022-05-07 13:34:40'),
	(59, '1', 10, 22, 1, 'Qui enim sed molestias reprehenderit assumenda delectus. Dolor consectetur consequuntur atque ut ut sunt. Sunt ullam omnis quod praesentium magni. Magni voluptatem et ad rerum tenetur id qui. Sequi eum ab sit aperiam quasi in voluptas a.', '2022-05-07 13:34:40', '2022-05-07 13:34:40'),
	(60, '1', 10, 22, 1, 'Qui enim sed molestias reprehenderit assumenda delectus. Dolor consectetur consequuntur atque ut ut sunt. Sunt ullam omnis quod praesentium magni. Magni voluptatem et ad rerum tenetur id qui. Sequi eum ab sit aperiam quasi in voluptas a.', '2022-05-07 13:34:40', '2022-05-07 13:34:40'),
	(61, '1', 1, 23, 1, 'Animi laboriosam accusantium et est nisi a. Saepe assumenda placeat accusamus blanditiis. Excepturi quidem eos laboriosam et reiciendis. Molestiae sed qui modi libero ab porro qui. Omnis aliquid eum sint. Nobis et laboriosam et ut dolore aperiam. Omnis vel fugit dolor qui nostrum reiciendis.', '2022-05-07 13:34:40', '2022-05-07 13:34:40'),
	(62, '1', 10, 23, 1, 'Animi laboriosam accusantium et est nisi a. Saepe assumenda placeat accusamus blanditiis. Excepturi quidem eos laboriosam et reiciendis. Molestiae sed qui modi libero ab porro qui. Omnis aliquid eum sint. Nobis et laboriosam et ut dolore aperiam. Omnis vel fugit dolor qui nostrum reiciendis.', '2022-05-07 13:34:40', '2022-05-07 13:34:40'),
	(63, '1', 5, 23, 1, 'Animi laboriosam accusantium et est nisi a. Saepe assumenda placeat accusamus blanditiis. Excepturi quidem eos laboriosam et reiciendis. Molestiae sed qui modi libero ab porro qui. Omnis aliquid eum sint. Nobis et laboriosam et ut dolore aperiam. Omnis vel fugit dolor qui nostrum reiciendis.', '2022-05-07 13:34:40', '2022-05-07 13:34:40'),
	(64, '1', 3, 23, 1, 'Animi laboriosam accusantium et est nisi a. Saepe assumenda placeat accusamus blanditiis. Excepturi quidem eos laboriosam et reiciendis. Molestiae sed qui modi libero ab porro qui. Omnis aliquid eum sint. Nobis et laboriosam et ut dolore aperiam. Omnis vel fugit dolor qui nostrum reiciendis.', '2022-05-07 13:34:40', '2022-05-07 13:34:40'),
	(65, '1', 8, 23, 1, 'Animi laboriosam accusantium et est nisi a. Saepe assumenda placeat accusamus blanditiis. Excepturi quidem eos laboriosam et reiciendis. Molestiae sed qui modi libero ab porro qui. Omnis aliquid eum sint. Nobis et laboriosam et ut dolore aperiam. Omnis vel fugit dolor qui nostrum reiciendis.', '2022-05-07 13:34:40', '2022-05-07 13:34:40'),
	(66, '1', 11, 24, 1, 'Dolorem quia aut velit perferendis et laudantium. Numquam libero ipsum minima et. Incidunt qui et est et aspernatur et explicabo. Aut qui suscipit sunt molestiae. Ut iure optio velit animi sint maxime ratione. Non voluptate vel nihil id nemo aliquid nihil omnis.', '2022-05-07 13:34:41', '2022-05-07 13:34:41'),
	(67, '1', 2, 24, 1, 'Dolorem quia aut velit perferendis et laudantium. Numquam libero ipsum minima et. Incidunt qui et est et aspernatur et explicabo. Aut qui suscipit sunt molestiae. Ut iure optio velit animi sint maxime ratione. Non voluptate vel nihil id nemo aliquid nihil omnis.', '2022-05-07 13:34:41', '2022-05-07 13:34:41'),
	(68, '1', 4, 24, 1, 'Dolorem quia aut velit perferendis et laudantium. Numquam libero ipsum minima et. Incidunt qui et est et aspernatur et explicabo. Aut qui suscipit sunt molestiae. Ut iure optio velit animi sint maxime ratione. Non voluptate vel nihil id nemo aliquid nihil omnis.', '2022-05-07 13:34:41', '2022-05-07 13:34:41'),
	(69, '1', 4, 24, 1, 'Dolorem quia aut velit perferendis et laudantium. Numquam libero ipsum minima et. Incidunt qui et est et aspernatur et explicabo. Aut qui suscipit sunt molestiae. Ut iure optio velit animi sint maxime ratione. Non voluptate vel nihil id nemo aliquid nihil omnis.', '2022-05-07 13:34:41', '2022-05-07 13:34:41'),
	(70, '1', 8, 24, 1, 'Dolorem quia aut velit perferendis et laudantium. Numquam libero ipsum minima et. Incidunt qui et est et aspernatur et explicabo. Aut qui suscipit sunt molestiae. Ut iure optio velit animi sint maxime ratione. Non voluptate vel nihil id nemo aliquid nihil omnis.', '2022-05-07 13:34:41', '2022-05-07 13:34:41'),
	(71, '1', 6, 25, 1, 'Aut expedita laboriosam rerum rerum et sed. Accusantium autem culpa dolor autem deserunt id tempore. Vitae eos aut ut tenetur perferendis neque et. Qui natus excepturi deserunt sit. Qui qui blanditiis eum ut.', '2022-05-07 13:34:41', '2022-05-07 13:34:41'),
	(72, '1', 9, 25, 1, 'Aut expedita laboriosam rerum rerum et sed. Accusantium autem culpa dolor autem deserunt id tempore. Vitae eos aut ut tenetur perferendis neque et. Qui natus excepturi deserunt sit. Qui qui blanditiis eum ut.', '2022-05-07 13:34:41', '2022-05-07 13:34:41'),
	(73, '1', 2, 25, 1, 'Aut expedita laboriosam rerum rerum et sed. Accusantium autem culpa dolor autem deserunt id tempore. Vitae eos aut ut tenetur perferendis neque et. Qui natus excepturi deserunt sit. Qui qui blanditiis eum ut.', '2022-05-07 13:34:41', '2022-05-07 13:34:41'),
	(74, '1', 7, 25, 1, 'Aut expedita laboriosam rerum rerum et sed. Accusantium autem culpa dolor autem deserunt id tempore. Vitae eos aut ut tenetur perferendis neque et. Qui natus excepturi deserunt sit. Qui qui blanditiis eum ut.', '2022-05-07 13:34:41', '2022-05-07 13:34:41'),
	(75, '1', 6, 25, 1, 'Aut expedita laboriosam rerum rerum et sed. Accusantium autem culpa dolor autem deserunt id tempore. Vitae eos aut ut tenetur perferendis neque et. Qui natus excepturi deserunt sit. Qui qui blanditiis eum ut.', '2022-05-07 13:34:41', '2022-05-07 13:34:41'),
	(76, '1', 3, 26, 1, 'Ut sint sit voluptas optio occaecati iusto accusamus. Tenetur aspernatur nihil enim ut. Ex adipisci dicta ullam rem ratione temporibus. Fuga id aut voluptatem cupiditate eum ducimus similique aut. Blanditiis sit soluta incidunt itaque ullam nam. Voluptates et id voluptatum dolorum alias.', '2022-05-07 13:34:41', '2022-05-07 13:34:41'),
	(77, '1', 2, 26, 1, 'Ut sint sit voluptas optio occaecati iusto accusamus. Tenetur aspernatur nihil enim ut. Ex adipisci dicta ullam rem ratione temporibus. Fuga id aut voluptatem cupiditate eum ducimus similique aut. Blanditiis sit soluta incidunt itaque ullam nam. Voluptates et id voluptatum dolorum alias.', '2022-05-07 13:34:41', '2022-05-07 13:34:41'),
	(78, '1', 11, 26, 1, 'Ut sint sit voluptas optio occaecati iusto accusamus. Tenetur aspernatur nihil enim ut. Ex adipisci dicta ullam rem ratione temporibus. Fuga id aut voluptatem cupiditate eum ducimus similique aut. Blanditiis sit soluta incidunt itaque ullam nam. Voluptates et id voluptatum dolorum alias.', '2022-05-07 13:34:41', '2022-05-07 13:34:41'),
	(79, '1', 1, 26, 1, 'Ut sint sit voluptas optio occaecati iusto accusamus. Tenetur aspernatur nihil enim ut. Ex adipisci dicta ullam rem ratione temporibus. Fuga id aut voluptatem cupiditate eum ducimus similique aut. Blanditiis sit soluta incidunt itaque ullam nam. Voluptates et id voluptatum dolorum alias.', '2022-05-07 13:34:41', '2022-05-07 13:34:41'),
	(80, '1', 10, 26, 1, 'Ut sint sit voluptas optio occaecati iusto accusamus. Tenetur aspernatur nihil enim ut. Ex adipisci dicta ullam rem ratione temporibus. Fuga id aut voluptatem cupiditate eum ducimus similique aut. Blanditiis sit soluta incidunt itaque ullam nam. Voluptates et id voluptatum dolorum alias.', '2022-05-07 13:34:41', '2022-05-07 13:34:41'),
	(81, '1', 1, 27, 1, 'Cumque molestiae et voluptates illum porro. Illum sint et perferendis qui. Ut molestiae autem ut nihil qui consectetur aliquam asperiores. Aut voluptatem est nobis cum vel ipsa.', '2022-05-07 13:34:41', '2022-05-07 13:34:41'),
	(82, '1', 9, 27, 1, 'Cumque molestiae et voluptates illum porro. Illum sint et perferendis qui. Ut molestiae autem ut nihil qui consectetur aliquam asperiores. Aut voluptatem est nobis cum vel ipsa.', '2022-05-07 13:34:41', '2022-05-07 13:34:41'),
	(83, '1', 3, 27, 1, 'Cumque molestiae et voluptates illum porro. Illum sint et perferendis qui. Ut molestiae autem ut nihil qui consectetur aliquam asperiores. Aut voluptatem est nobis cum vel ipsa.', '2022-05-07 13:34:41', '2022-05-07 13:34:41'),
	(84, '1', 7, 27, 1, 'Cumque molestiae et voluptates illum porro. Illum sint et perferendis qui. Ut molestiae autem ut nihil qui consectetur aliquam asperiores. Aut voluptatem est nobis cum vel ipsa.', '2022-05-07 13:34:41', '2022-05-07 13:34:41'),
	(85, '1', 6, 27, 1, 'Cumque molestiae et voluptates illum porro. Illum sint et perferendis qui. Ut molestiae autem ut nihil qui consectetur aliquam asperiores. Aut voluptatem est nobis cum vel ipsa.', '2022-05-07 13:34:41', '2022-05-07 13:34:41'),
	(86, '1', 3, 28, 1, 'Ut excepturi est ex assumenda distinctio. Doloremque et ut aspernatur debitis. Dolor perspiciatis doloremque dolor ipsum sed repellat. Ipsam minima sint doloremque est voluptas.', '2022-05-07 13:34:41', '2022-05-07 13:34:41'),
	(87, '1', 7, 28, 1, 'Ut excepturi est ex assumenda distinctio. Doloremque et ut aspernatur debitis. Dolor perspiciatis doloremque dolor ipsum sed repellat. Ipsam minima sint doloremque est voluptas.', '2022-05-07 13:34:41', '2022-05-07 13:34:41'),
	(88, '1', 9, 28, 1, 'Ut excepturi est ex assumenda distinctio. Doloremque et ut aspernatur debitis. Dolor perspiciatis doloremque dolor ipsum sed repellat. Ipsam minima sint doloremque est voluptas.', '2022-05-07 13:34:41', '2022-05-07 13:34:41'),
	(89, '1', 4, 28, 1, 'Ut excepturi est ex assumenda distinctio. Doloremque et ut aspernatur debitis. Dolor perspiciatis doloremque dolor ipsum sed repellat. Ipsam minima sint doloremque est voluptas.', '2022-05-07 13:34:41', '2022-05-07 13:34:41'),
	(90, '1', 2, 28, 1, 'Ut excepturi est ex assumenda distinctio. Doloremque et ut aspernatur debitis. Dolor perspiciatis doloremque dolor ipsum sed repellat. Ipsam minima sint doloremque est voluptas.', '2022-05-07 13:34:41', '2022-05-07 13:34:41'),
	(91, '1', 5, 29, 1, 'Beatae est accusantium nemo molestiae dolores occaecati nihil. Et omnis id ut neque. Sit quo ullam distinctio neque magni distinctio qui.', '2022-05-07 13:34:41', '2022-05-07 13:34:41'),
	(92, '1', 6, 29, 1, 'Beatae est accusantium nemo molestiae dolores occaecati nihil. Et omnis id ut neque. Sit quo ullam distinctio neque magni distinctio qui.', '2022-05-07 13:34:41', '2022-05-07 13:34:41'),
	(93, '1', 11, 29, 1, 'Beatae est accusantium nemo molestiae dolores occaecati nihil. Et omnis id ut neque. Sit quo ullam distinctio neque magni distinctio qui.', '2022-05-07 13:34:41', '2022-05-07 13:34:41'),
	(94, '1', 1, 29, 1, 'Beatae est accusantium nemo molestiae dolores occaecati nihil. Et omnis id ut neque. Sit quo ullam distinctio neque magni distinctio qui.', '2022-05-07 13:34:41', '2022-05-07 13:34:41'),
	(95, '1', 6, 29, 1, 'Beatae est accusantium nemo molestiae dolores occaecati nihil. Et omnis id ut neque. Sit quo ullam distinctio neque magni distinctio qui.', '2022-05-07 13:34:41', '2022-05-07 13:34:41'),
	(96, '1', 6, 30, 1, 'Ea beatae ipsa voluptate consequatur nisi pariatur. Asperiores nesciunt dolore similique dolores iste mollitia error. Ipsam maxime minus dolores molestiae tempore non.', '2022-05-07 13:34:41', '2022-05-07 13:34:41'),
	(97, '1', 4, 30, 1, 'Ea beatae ipsa voluptate consequatur nisi pariatur. Asperiores nesciunt dolore similique dolores iste mollitia error. Ipsam maxime minus dolores molestiae tempore non.', '2022-05-07 13:34:41', '2022-05-07 13:34:41'),
	(98, '1', 6, 30, 1, 'Ea beatae ipsa voluptate consequatur nisi pariatur. Asperiores nesciunt dolore similique dolores iste mollitia error. Ipsam maxime minus dolores molestiae tempore non.', '2022-05-07 13:34:41', '2022-05-07 13:34:41'),
	(99, '1', 10, 30, 1, 'Ea beatae ipsa voluptate consequatur nisi pariatur. Asperiores nesciunt dolore similique dolores iste mollitia error. Ipsam maxime minus dolores molestiae tempore non.', '2022-05-07 13:34:41', '2022-05-07 13:34:41'),
	(100, '1', 1, 30, 1, 'Ea beatae ipsa voluptate consequatur nisi pariatur. Asperiores nesciunt dolore similique dolores iste mollitia error. Ipsam maxime minus dolores molestiae tempore non.', '2022-05-07 13:34:41', '2022-05-07 13:34:41'),
	(101, '1', 4, 31, 1, 'Deleniti consequuntur non numquam dignissimos dolorem est id. Aliquid illum quae recusandae voluptas qui. Corporis quia voluptatibus reiciendis tenetur eos. Quos qui neque recusandae dignissimos cum impedit et debitis.', '2022-05-07 13:34:41', '2022-05-07 13:34:41'),
	(102, '1', 11, 31, 1, 'Deleniti consequuntur non numquam dignissimos dolorem est id. Aliquid illum quae recusandae voluptas qui. Corporis quia voluptatibus reiciendis tenetur eos. Quos qui neque recusandae dignissimos cum impedit et debitis.', '2022-05-07 13:34:41', '2022-05-07 13:34:41'),
	(103, '1', 5, 31, 1, 'Deleniti consequuntur non numquam dignissimos dolorem est id. Aliquid illum quae recusandae voluptas qui. Corporis quia voluptatibus reiciendis tenetur eos. Quos qui neque recusandae dignissimos cum impedit et debitis.', '2022-05-07 13:34:41', '2022-05-07 13:34:41'),
	(104, '1', 1, 31, 1, 'Deleniti consequuntur non numquam dignissimos dolorem est id. Aliquid illum quae recusandae voluptas qui. Corporis quia voluptatibus reiciendis tenetur eos. Quos qui neque recusandae dignissimos cum impedit et debitis.', '2022-05-07 13:34:41', '2022-05-07 13:34:41'),
	(105, '1', 9, 31, 1, 'Deleniti consequuntur non numquam dignissimos dolorem est id. Aliquid illum quae recusandae voluptas qui. Corporis quia voluptatibus reiciendis tenetur eos. Quos qui neque recusandae dignissimos cum impedit et debitis.', '2022-05-07 13:34:41', '2022-05-07 13:34:41'),
	(106, '1', 8, 32, 1, 'Rem laudantium voluptas laborum labore. Velit minima odio in asperiores. Necessitatibus accusantium rerum et. Qui vero quis autem sit. Delectus quae harum et quis adipisci est et suscipit. Veniam esse molestiae et est assumenda.', '2022-05-07 13:34:41', '2022-05-07 13:34:41'),
	(107, '1', 8, 32, 1, 'Rem laudantium voluptas laborum labore. Velit minima odio in asperiores. Necessitatibus accusantium rerum et. Qui vero quis autem sit. Delectus quae harum et quis adipisci est et suscipit. Veniam esse molestiae et est assumenda.', '2022-05-07 13:34:41', '2022-05-07 13:34:41'),
	(108, '1', 6, 32, 1, 'Rem laudantium voluptas laborum labore. Velit minima odio in asperiores. Necessitatibus accusantium rerum et. Qui vero quis autem sit. Delectus quae harum et quis adipisci est et suscipit. Veniam esse molestiae et est assumenda.', '2022-05-07 13:34:41', '2022-05-07 13:34:41'),
	(109, '1', 9, 32, 1, 'Rem laudantium voluptas laborum labore. Velit minima odio in asperiores. Necessitatibus accusantium rerum et. Qui vero quis autem sit. Delectus quae harum et quis adipisci est et suscipit. Veniam esse molestiae et est assumenda.', '2022-05-07 13:34:41', '2022-05-07 13:34:41'),
	(110, '1', 9, 32, 1, 'Rem laudantium voluptas laborum labore. Velit minima odio in asperiores. Necessitatibus accusantium rerum et. Qui vero quis autem sit. Delectus quae harum et quis adipisci est et suscipit. Veniam esse molestiae et est assumenda.', '2022-05-07 13:34:41', '2022-05-07 13:34:41'),
	(111, '1', 9, 33, 1, 'Qui consectetur qui velit est vitae quia. Beatae unde nihil neque aperiam. Repellat dolores totam omnis voluptatum. Commodi totam quasi corrupti.', '2022-05-07 13:34:41', '2022-05-07 13:34:41'),
	(112, '1', 4, 33, 1, 'Qui consectetur qui velit est vitae quia. Beatae unde nihil neque aperiam. Repellat dolores totam omnis voluptatum. Commodi totam quasi corrupti.', '2022-05-07 13:34:41', '2022-05-07 13:34:41'),
	(113, '1', 4, 33, 1, 'Qui consectetur qui velit est vitae quia. Beatae unde nihil neque aperiam. Repellat dolores totam omnis voluptatum. Commodi totam quasi corrupti.', '2022-05-07 13:34:41', '2022-05-07 13:34:41'),
	(114, '1', 1, 33, 1, 'Qui consectetur qui velit est vitae quia. Beatae unde nihil neque aperiam. Repellat dolores totam omnis voluptatum. Commodi totam quasi corrupti.', '2022-05-07 13:34:41', '2022-05-07 13:34:41'),
	(115, '1', 2, 33, 1, 'Qui consectetur qui velit est vitae quia. Beatae unde nihil neque aperiam. Repellat dolores totam omnis voluptatum. Commodi totam quasi corrupti.', '2022-05-07 13:34:41', '2022-05-07 13:34:41'),
	(116, '1', 3, 34, 1, 'Rerum repellat aliquam enim modi ipsa tenetur sint. Non possimus tempore explicabo qui numquam. Iure modi dicta exercitationem nam excepturi. Maxime asperiores veniam delectus et qui.', '2022-05-07 13:34:41', '2022-05-07 13:34:41'),
	(117, '1', 3, 34, 1, 'Rerum repellat aliquam enim modi ipsa tenetur sint. Non possimus tempore explicabo qui numquam. Iure modi dicta exercitationem nam excepturi. Maxime asperiores veniam delectus et qui.', '2022-05-07 13:34:41', '2022-05-07 13:34:41'),
	(118, '1', 3, 34, 1, 'Rerum repellat aliquam enim modi ipsa tenetur sint. Non possimus tempore explicabo qui numquam. Iure modi dicta exercitationem nam excepturi. Maxime asperiores veniam delectus et qui.', '2022-05-07 13:34:41', '2022-05-07 13:34:41'),
	(119, '1', 5, 34, 1, 'Rerum repellat aliquam enim modi ipsa tenetur sint. Non possimus tempore explicabo qui numquam. Iure modi dicta exercitationem nam excepturi. Maxime asperiores veniam delectus et qui.', '2022-05-07 13:34:41', '2022-05-07 13:34:41'),
	(120, '1', 3, 34, 1, 'Rerum repellat aliquam enim modi ipsa tenetur sint. Non possimus tempore explicabo qui numquam. Iure modi dicta exercitationem nam excepturi. Maxime asperiores veniam delectus et qui.', '2022-05-07 13:34:41', '2022-05-07 13:34:41'),
	(121, '1', 4, 35, 1, 'Sit est fuga corporis aut natus unde consectetur non. Quia hic animi sit accusamus. Nisi dolor fuga magni occaecati eligendi libero. Sint vitae error repellat sint voluptas commodi exercitationem. Aut ratione nam officia atque quis. Provident illum doloremque officiis similique reiciendis.', '2022-05-07 13:34:41', '2022-05-07 13:34:41'),
	(122, '1', 2, 35, 1, 'Sit est fuga corporis aut natus unde consectetur non. Quia hic animi sit accusamus. Nisi dolor fuga magni occaecati eligendi libero. Sint vitae error repellat sint voluptas commodi exercitationem. Aut ratione nam officia atque quis. Provident illum doloremque officiis similique reiciendis.', '2022-05-07 13:34:41', '2022-05-07 13:34:41'),
	(123, '1', 3, 35, 1, 'Sit est fuga corporis aut natus unde consectetur non. Quia hic animi sit accusamus. Nisi dolor fuga magni occaecati eligendi libero. Sint vitae error repellat sint voluptas commodi exercitationem. Aut ratione nam officia atque quis. Provident illum doloremque officiis similique reiciendis.', '2022-05-07 13:34:41', '2022-05-07 13:34:41'),
	(124, '1', 7, 35, 1, 'Sit est fuga corporis aut natus unde consectetur non. Quia hic animi sit accusamus. Nisi dolor fuga magni occaecati eligendi libero. Sint vitae error repellat sint voluptas commodi exercitationem. Aut ratione nam officia atque quis. Provident illum doloremque officiis similique reiciendis.', '2022-05-07 13:34:41', '2022-05-07 13:34:41'),
	(125, '1', 7, 35, 1, 'Sit est fuga corporis aut natus unde consectetur non. Quia hic animi sit accusamus. Nisi dolor fuga magni occaecati eligendi libero. Sint vitae error repellat sint voluptas commodi exercitationem. Aut ratione nam officia atque quis. Provident illum doloremque officiis similique reiciendis.', '2022-05-07 13:34:41', '2022-05-07 13:34:41'),
	(126, '1', 7, 36, 1, 'Excepturi soluta dolor iste omnis. Voluptates explicabo provident laudantium fuga explicabo. Nihil aut sequi voluptatem corrupti quam ab qui ex. Explicabo consequatur temporibus sunt hic.', '2022-05-07 13:34:41', '2022-05-07 13:34:41'),
	(127, '1', 1, 36, 1, 'Excepturi soluta dolor iste omnis. Voluptates explicabo provident laudantium fuga explicabo. Nihil aut sequi voluptatem corrupti quam ab qui ex. Explicabo consequatur temporibus sunt hic.', '2022-05-07 13:34:41', '2022-05-07 13:34:41'),
	(128, '1', 4, 36, 1, 'Excepturi soluta dolor iste omnis. Voluptates explicabo provident laudantium fuga explicabo. Nihil aut sequi voluptatem corrupti quam ab qui ex. Explicabo consequatur temporibus sunt hic.', '2022-05-07 13:34:41', '2022-05-07 13:34:41'),
	(129, '1', 7, 36, 1, 'Excepturi soluta dolor iste omnis. Voluptates explicabo provident laudantium fuga explicabo. Nihil aut sequi voluptatem corrupti quam ab qui ex. Explicabo consequatur temporibus sunt hic.', '2022-05-07 13:34:41', '2022-05-07 13:34:41'),
	(130, '1', 7, 36, 1, 'Excepturi soluta dolor iste omnis. Voluptates explicabo provident laudantium fuga explicabo. Nihil aut sequi voluptatem corrupti quam ab qui ex. Explicabo consequatur temporibus sunt hic.', '2022-05-07 13:34:41', '2022-05-07 13:34:41'),
	(131, '1', 1, 37, 1, 'Beatae ab minus rerum quasi. Nesciunt assumenda ad culpa dolores possimus et. Consectetur assumenda suscipit id qui.', '2022-05-07 13:34:41', '2022-05-07 13:34:41'),
	(132, '1', 8, 37, 1, 'Beatae ab minus rerum quasi. Nesciunt assumenda ad culpa dolores possimus et. Consectetur assumenda suscipit id qui.', '2022-05-07 13:34:41', '2022-05-07 13:34:41'),
	(133, '1', 1, 37, 1, 'Beatae ab minus rerum quasi. Nesciunt assumenda ad culpa dolores possimus et. Consectetur assumenda suscipit id qui.', '2022-05-07 13:34:41', '2022-05-07 13:34:41'),
	(134, '1', 7, 37, 1, 'Beatae ab minus rerum quasi. Nesciunt assumenda ad culpa dolores possimus et. Consectetur assumenda suscipit id qui.', '2022-05-07 13:34:41', '2022-05-07 13:34:41'),
	(135, '1', 8, 37, 1, 'Beatae ab minus rerum quasi. Nesciunt assumenda ad culpa dolores possimus et. Consectetur assumenda suscipit id qui.', '2022-05-07 13:34:41', '2022-05-07 13:34:41'),
	(136, '1', 9, 38, 1, 'Rerum et molestias qui nostrum perspiciatis temporibus quos velit. Animi explicabo esse blanditiis eligendi asperiores molestias error. Nam molestiae et fuga molestiae modi. Saepe ut pariatur porro. Et alias voluptate aut animi perferendis. Dolore et assumenda atque mollitia.', '2022-05-07 13:34:41', '2022-05-07 13:34:41'),
	(137, '1', 11, 38, 1, 'Rerum et molestias qui nostrum perspiciatis temporibus quos velit. Animi explicabo esse blanditiis eligendi asperiores molestias error. Nam molestiae et fuga molestiae modi. Saepe ut pariatur porro. Et alias voluptate aut animi perferendis. Dolore et assumenda atque mollitia.', '2022-05-07 13:34:41', '2022-05-07 13:34:41'),
	(138, '1', 5, 38, 1, 'Rerum et molestias qui nostrum perspiciatis temporibus quos velit. Animi explicabo esse blanditiis eligendi asperiores molestias error. Nam molestiae et fuga molestiae modi. Saepe ut pariatur porro. Et alias voluptate aut animi perferendis. Dolore et assumenda atque mollitia.', '2022-05-07 13:34:41', '2022-05-07 13:34:41'),
	(139, '1', 9, 38, 1, 'Rerum et molestias qui nostrum perspiciatis temporibus quos velit. Animi explicabo esse blanditiis eligendi asperiores molestias error. Nam molestiae et fuga molestiae modi. Saepe ut pariatur porro. Et alias voluptate aut animi perferendis. Dolore et assumenda atque mollitia.', '2022-05-07 13:34:41', '2022-05-07 13:34:41'),
	(140, '1', 5, 38, 1, 'Rerum et molestias qui nostrum perspiciatis temporibus quos velit. Animi explicabo esse blanditiis eligendi asperiores molestias error. Nam molestiae et fuga molestiae modi. Saepe ut pariatur porro. Et alias voluptate aut animi perferendis. Dolore et assumenda atque mollitia.', '2022-05-07 13:34:41', '2022-05-07 13:34:41'),
	(141, '1', 2, 39, 1, 'Adipisci id quae consequatur fugit nihil neque qui nostrum. Repellat totam voluptate blanditiis numquam atque iure officiis sed. Illum sint harum illo nam placeat praesentium.', '2022-05-07 13:34:41', '2022-05-07 13:34:41'),
	(142, '1', 4, 39, 1, 'Adipisci id quae consequatur fugit nihil neque qui nostrum. Repellat totam voluptate blanditiis numquam atque iure officiis sed. Illum sint harum illo nam placeat praesentium.', '2022-05-07 13:34:41', '2022-05-07 13:34:41'),
	(143, '1', 5, 39, 1, 'Adipisci id quae consequatur fugit nihil neque qui nostrum. Repellat totam voluptate blanditiis numquam atque iure officiis sed. Illum sint harum illo nam placeat praesentium.', '2022-05-07 13:34:41', '2022-05-07 13:34:41'),
	(144, '1', 8, 39, 1, 'Adipisci id quae consequatur fugit nihil neque qui nostrum. Repellat totam voluptate blanditiis numquam atque iure officiis sed. Illum sint harum illo nam placeat praesentium.', '2022-05-07 13:34:41', '2022-05-07 13:34:41'),
	(145, '1', 10, 39, 1, 'Adipisci id quae consequatur fugit nihil neque qui nostrum. Repellat totam voluptate blanditiis numquam atque iure officiis sed. Illum sint harum illo nam placeat praesentium.', '2022-05-07 13:34:41', '2022-05-07 13:34:41'),
	(146, '1', 10, 40, 1, 'Odit officiis tenetur ratione qui. Amet sed rem nihil corrupti. Sunt et veritatis neque modi et tempora aliquid. Pariatur in ut expedita inventore. Deleniti atque quae rerum.', '2022-05-07 13:34:41', '2022-05-07 13:34:41'),
	(147, '1', 10, 40, 1, 'Odit officiis tenetur ratione qui. Amet sed rem nihil corrupti. Sunt et veritatis neque modi et tempora aliquid. Pariatur in ut expedita inventore. Deleniti atque quae rerum.', '2022-05-07 13:34:41', '2022-05-07 13:34:41'),
	(148, '1', 8, 40, 1, 'Odit officiis tenetur ratione qui. Amet sed rem nihil corrupti. Sunt et veritatis neque modi et tempora aliquid. Pariatur in ut expedita inventore. Deleniti atque quae rerum.', '2022-05-07 13:34:41', '2022-05-07 13:34:41'),
	(149, '1', 5, 40, 1, 'Odit officiis tenetur ratione qui. Amet sed rem nihil corrupti. Sunt et veritatis neque modi et tempora aliquid. Pariatur in ut expedita inventore. Deleniti atque quae rerum.', '2022-05-07 13:34:41', '2022-05-07 13:34:41'),
	(150, '1', 2, 40, 1, 'Odit officiis tenetur ratione qui. Amet sed rem nihil corrupti. Sunt et veritatis neque modi et tempora aliquid. Pariatur in ut expedita inventore. Deleniti atque quae rerum.', '2022-05-07 13:34:41', '2022-05-07 13:34:41'),
	(151, '1', 1, 41, 1, 'Ut in aspernatur rem omnis sit quas. Aliquam velit et molestiae autem quia. Maiores saepe molestias aut.', '2022-05-07 13:34:41', '2022-05-07 13:34:41'),
	(152, '1', 11, 41, 1, 'Ut in aspernatur rem omnis sit quas. Aliquam velit et molestiae autem quia. Maiores saepe molestias aut.', '2022-05-07 13:34:41', '2022-05-07 13:34:41'),
	(153, '1', 10, 41, 1, 'Ut in aspernatur rem omnis sit quas. Aliquam velit et molestiae autem quia. Maiores saepe molestias aut.', '2022-05-07 13:34:41', '2022-05-07 13:34:41'),
	(154, '1', 5, 41, 1, 'Ut in aspernatur rem omnis sit quas. Aliquam velit et molestiae autem quia. Maiores saepe molestias aut.', '2022-05-07 13:34:41', '2022-05-07 13:34:41'),
	(155, '1', 10, 41, 1, 'Ut in aspernatur rem omnis sit quas. Aliquam velit et molestiae autem quia. Maiores saepe molestias aut.', '2022-05-07 13:34:41', '2022-05-07 13:34:41'),
	(156, '1', 8, 42, 1, 'Adipisci et quia libero. Qui non et magnam nam quas optio minus. Dolores harum assumenda atque. Et ex voluptas ab id. Deserunt similique voluptate officia et voluptas. Quidem nisi nihil voluptas nobis et nihil. Id velit totam a quidem repudiandae ducimus assumenda.', '2022-05-07 13:34:41', '2022-05-07 13:34:41'),
	(157, '1', 9, 42, 1, 'Adipisci et quia libero. Qui non et magnam nam quas optio minus. Dolores harum assumenda atque. Et ex voluptas ab id. Deserunt similique voluptate officia et voluptas. Quidem nisi nihil voluptas nobis et nihil. Id velit totam a quidem repudiandae ducimus assumenda.', '2022-05-07 13:34:41', '2022-05-07 13:34:41'),
	(158, '1', 5, 42, 1, 'Adipisci et quia libero. Qui non et magnam nam quas optio minus. Dolores harum assumenda atque. Et ex voluptas ab id. Deserunt similique voluptate officia et voluptas. Quidem nisi nihil voluptas nobis et nihil. Id velit totam a quidem repudiandae ducimus assumenda.', '2022-05-07 13:34:41', '2022-05-07 13:34:41'),
	(159, '1', 9, 42, 1, 'Adipisci et quia libero. Qui non et magnam nam quas optio minus. Dolores harum assumenda atque. Et ex voluptas ab id. Deserunt similique voluptate officia et voluptas. Quidem nisi nihil voluptas nobis et nihil. Id velit totam a quidem repudiandae ducimus assumenda.', '2022-05-07 13:34:41', '2022-05-07 13:34:41'),
	(160, '1', 9, 42, 1, 'Adipisci et quia libero. Qui non et magnam nam quas optio minus. Dolores harum assumenda atque. Et ex voluptas ab id. Deserunt similique voluptate officia et voluptas. Quidem nisi nihil voluptas nobis et nihil. Id velit totam a quidem repudiandae ducimus assumenda.', '2022-05-07 13:34:41', '2022-05-07 13:34:41'),
	(161, '1', 5, 43, 1, 'Aperiam voluptatem repudiandae ducimus qui sit sit aut qui. Et fugit ut qui. Distinctio libero velit quos non. Officiis libero dignissimos autem. Autem qui ipsa laborum eligendi eveniet inventore delectus in.', '2022-05-07 13:34:41', '2022-05-07 13:34:41'),
	(162, '1', 5, 43, 1, 'Aperiam voluptatem repudiandae ducimus qui sit sit aut qui. Et fugit ut qui. Distinctio libero velit quos non. Officiis libero dignissimos autem. Autem qui ipsa laborum eligendi eveniet inventore delectus in.', '2022-05-07 13:34:41', '2022-05-07 13:34:41'),
	(163, '1', 2, 43, 1, 'Aperiam voluptatem repudiandae ducimus qui sit sit aut qui. Et fugit ut qui. Distinctio libero velit quos non. Officiis libero dignissimos autem. Autem qui ipsa laborum eligendi eveniet inventore delectus in.', '2022-05-07 13:34:41', '2022-05-07 13:34:41'),
	(164, '1', 1, 43, 1, 'Aperiam voluptatem repudiandae ducimus qui sit sit aut qui. Et fugit ut qui. Distinctio libero velit quos non. Officiis libero dignissimos autem. Autem qui ipsa laborum eligendi eveniet inventore delectus in.', '2022-05-07 13:34:41', '2022-05-07 13:34:41'),
	(165, '1', 11, 43, 1, 'Aperiam voluptatem repudiandae ducimus qui sit sit aut qui. Et fugit ut qui. Distinctio libero velit quos non. Officiis libero dignissimos autem. Autem qui ipsa laborum eligendi eveniet inventore delectus in.', '2022-05-07 13:34:41', '2022-05-07 13:34:41'),
	(166, '1', 6, 44, 1, 'Dolores voluptas veritatis dolores omnis consectetur fugit et. Repellat dolorum impedit dolorem consectetur et. Ut ipsa sunt eos. Nemo commodi consequatur est nihil tempore ad voluptatem. Minus qui ut dolores et. Mollitia rerum ad eveniet reprehenderit saepe et debitis.', '2022-05-07 13:34:41', '2022-05-07 13:34:41'),
	(167, '1', 10, 44, 1, 'Dolores voluptas veritatis dolores omnis consectetur fugit et. Repellat dolorum impedit dolorem consectetur et. Ut ipsa sunt eos. Nemo commodi consequatur est nihil tempore ad voluptatem. Minus qui ut dolores et. Mollitia rerum ad eveniet reprehenderit saepe et debitis.', '2022-05-07 13:34:41', '2022-05-07 13:34:41'),
	(168, '1', 2, 44, 1, 'Dolores voluptas veritatis dolores omnis consectetur fugit et. Repellat dolorum impedit dolorem consectetur et. Ut ipsa sunt eos. Nemo commodi consequatur est nihil tempore ad voluptatem. Minus qui ut dolores et. Mollitia rerum ad eveniet reprehenderit saepe et debitis.', '2022-05-07 13:34:41', '2022-05-07 13:34:41'),
	(169, '1', 1, 44, 1, 'Dolores voluptas veritatis dolores omnis consectetur fugit et. Repellat dolorum impedit dolorem consectetur et. Ut ipsa sunt eos. Nemo commodi consequatur est nihil tempore ad voluptatem. Minus qui ut dolores et. Mollitia rerum ad eveniet reprehenderit saepe et debitis.', '2022-05-07 13:34:41', '2022-05-07 13:34:41'),
	(170, '1', 8, 44, 1, 'Dolores voluptas veritatis dolores omnis consectetur fugit et. Repellat dolorum impedit dolorem consectetur et. Ut ipsa sunt eos. Nemo commodi consequatur est nihil tempore ad voluptatem. Minus qui ut dolores et. Mollitia rerum ad eveniet reprehenderit saepe et debitis.', '2022-05-07 13:34:41', '2022-05-07 13:34:41'),
	(171, '1', 2, 45, 1, 'Sed quod commodi ut enim nesciunt ad. Magnam adipisci sit quas cupiditate. Iusto molestiae voluptas consequuntur quis. Placeat distinctio iure dolore delectus. Tempore provident voluptatem unde assumenda voluptatem. Rerum voluptatem mollitia labore. Illo eos vero quis laudantium quod.', '2022-05-07 13:34:41', '2022-05-07 13:34:41'),
	(172, '1', 4, 45, 1, 'Sed quod commodi ut enim nesciunt ad. Magnam adipisci sit quas cupiditate. Iusto molestiae voluptas consequuntur quis. Placeat distinctio iure dolore delectus. Tempore provident voluptatem unde assumenda voluptatem. Rerum voluptatem mollitia labore. Illo eos vero quis laudantium quod.', '2022-05-07 13:34:41', '2022-05-07 13:34:41'),
	(173, '1', 11, 45, 1, 'Sed quod commodi ut enim nesciunt ad. Magnam adipisci sit quas cupiditate. Iusto molestiae voluptas consequuntur quis. Placeat distinctio iure dolore delectus. Tempore provident voluptatem unde assumenda voluptatem. Rerum voluptatem mollitia labore. Illo eos vero quis laudantium quod.', '2022-05-07 13:34:41', '2022-05-07 13:34:41'),
	(174, '1', 2, 45, 1, 'Sed quod commodi ut enim nesciunt ad. Magnam adipisci sit quas cupiditate. Iusto molestiae voluptas consequuntur quis. Placeat distinctio iure dolore delectus. Tempore provident voluptatem unde assumenda voluptatem. Rerum voluptatem mollitia labore. Illo eos vero quis laudantium quod.', '2022-05-07 13:34:41', '2022-05-07 13:34:41'),
	(175, '1', 7, 45, 1, 'Sed quod commodi ut enim nesciunt ad. Magnam adipisci sit quas cupiditate. Iusto molestiae voluptas consequuntur quis. Placeat distinctio iure dolore delectus. Tempore provident voluptatem unde assumenda voluptatem. Rerum voluptatem mollitia labore. Illo eos vero quis laudantium quod.', '2022-05-07 13:34:41', '2022-05-07 13:34:41'),
	(176, '1', 9, 46, 1, 'Eum et qui ullam aliquam sed doloremque. Iste mollitia labore ea tempore porro et. Tempora qui temporibus eos voluptatem rerum commodi. Dolorem quod non dicta aut reprehenderit doloremque. Accusantium iusto quas dolor porro est. Aut beatae sint qui deserunt minus iste.', '2022-05-07 13:34:41', '2022-05-07 13:34:41'),
	(177, '1', 2, 46, 1, 'Eum et qui ullam aliquam sed doloremque. Iste mollitia labore ea tempore porro et. Tempora qui temporibus eos voluptatem rerum commodi. Dolorem quod non dicta aut reprehenderit doloremque. Accusantium iusto quas dolor porro est. Aut beatae sint qui deserunt minus iste.', '2022-05-07 13:34:41', '2022-05-07 13:34:41'),
	(178, '1', 8, 46, 1, 'Eum et qui ullam aliquam sed doloremque. Iste mollitia labore ea tempore porro et. Tempora qui temporibus eos voluptatem rerum commodi. Dolorem quod non dicta aut reprehenderit doloremque. Accusantium iusto quas dolor porro est. Aut beatae sint qui deserunt minus iste.', '2022-05-07 13:34:41', '2022-05-07 13:34:41'),
	(179, '1', 5, 46, 1, 'Eum et qui ullam aliquam sed doloremque. Iste mollitia labore ea tempore porro et. Tempora qui temporibus eos voluptatem rerum commodi. Dolorem quod non dicta aut reprehenderit doloremque. Accusantium iusto quas dolor porro est. Aut beatae sint qui deserunt minus iste.', '2022-05-07 13:34:41', '2022-05-07 13:34:41'),
	(180, '1', 11, 46, 1, 'Eum et qui ullam aliquam sed doloremque. Iste mollitia labore ea tempore porro et. Tempora qui temporibus eos voluptatem rerum commodi. Dolorem quod non dicta aut reprehenderit doloremque. Accusantium iusto quas dolor porro est. Aut beatae sint qui deserunt minus iste.', '2022-05-07 13:34:41', '2022-05-07 13:34:41'),
	(181, '1', 4, 47, 1, 'Libero rerum qui fuga tenetur modi suscipit ipsa. Incidunt omnis deserunt sunt reprehenderit est molestiae labore. Officiis quisquam sit adipisci amet. Impedit inventore aliquam natus necessitatibus dolores non omnis est.', '2022-05-07 13:34:41', '2022-05-07 13:34:41'),
	(182, '1', 9, 47, 1, 'Libero rerum qui fuga tenetur modi suscipit ipsa. Incidunt omnis deserunt sunt reprehenderit est molestiae labore. Officiis quisquam sit adipisci amet. Impedit inventore aliquam natus necessitatibus dolores non omnis est.', '2022-05-07 13:34:41', '2022-05-07 13:34:41'),
	(183, '1', 7, 47, 1, 'Libero rerum qui fuga tenetur modi suscipit ipsa. Incidunt omnis deserunt sunt reprehenderit est molestiae labore. Officiis quisquam sit adipisci amet. Impedit inventore aliquam natus necessitatibus dolores non omnis est.', '2022-05-07 13:34:41', '2022-05-07 13:34:41'),
	(184, '1', 4, 47, 1, 'Libero rerum qui fuga tenetur modi suscipit ipsa. Incidunt omnis deserunt sunt reprehenderit est molestiae labore. Officiis quisquam sit adipisci amet. Impedit inventore aliquam natus necessitatibus dolores non omnis est.', '2022-05-07 13:34:41', '2022-05-07 13:34:41'),
	(185, '1', 1, 47, 1, 'Libero rerum qui fuga tenetur modi suscipit ipsa. Incidunt omnis deserunt sunt reprehenderit est molestiae labore. Officiis quisquam sit adipisci amet. Impedit inventore aliquam natus necessitatibus dolores non omnis est.', '2022-05-07 13:34:41', '2022-05-07 13:34:41'),
	(186, '1', 3, 48, 1, 'Non amet sint nostrum eius eum ratione. Temporibus est et minima voluptates consequatur. Iure culpa excepturi placeat natus debitis. Ipsum sint voluptates recusandae perferendis vero qui architecto. Aut molestias quae sit suscipit ut.', '2022-05-07 13:34:41', '2022-05-07 13:34:41'),
	(187, '1', 4, 48, 1, 'Non amet sint nostrum eius eum ratione. Temporibus est et minima voluptates consequatur. Iure culpa excepturi placeat natus debitis. Ipsum sint voluptates recusandae perferendis vero qui architecto. Aut molestias quae sit suscipit ut.', '2022-05-07 13:34:41', '2022-05-07 13:34:41'),
	(188, '1', 8, 48, 1, 'Non amet sint nostrum eius eum ratione. Temporibus est et minima voluptates consequatur. Iure culpa excepturi placeat natus debitis. Ipsum sint voluptates recusandae perferendis vero qui architecto. Aut molestias quae sit suscipit ut.', '2022-05-07 13:34:41', '2022-05-07 13:34:41'),
	(189, '1', 5, 48, 1, 'Non amet sint nostrum eius eum ratione. Temporibus est et minima voluptates consequatur. Iure culpa excepturi placeat natus debitis. Ipsum sint voluptates recusandae perferendis vero qui architecto. Aut molestias quae sit suscipit ut.', '2022-05-07 13:34:41', '2022-05-07 13:34:41'),
	(190, '1', 11, 48, 1, 'Non amet sint nostrum eius eum ratione. Temporibus est et minima voluptates consequatur. Iure culpa excepturi placeat natus debitis. Ipsum sint voluptates recusandae perferendis vero qui architecto. Aut molestias quae sit suscipit ut.', '2022-05-07 13:34:41', '2022-05-07 13:34:41'),
	(191, '1', 5, 49, 1, 'Et aliquam ullam suscipit distinctio aut. Quam quae suscipit atque quas vel in. Illum et facere unde perferendis quos cum rem inventore. Provident quasi quibusdam aut error quidem. Ad quod neque quos non sed eum. Fuga laborum aut quo dolores. Odit dicta et et cum.', '2022-05-07 13:34:41', '2022-05-07 13:34:41'),
	(192, '1', 8, 49, 1, 'Et aliquam ullam suscipit distinctio aut. Quam quae suscipit atque quas vel in. Illum et facere unde perferendis quos cum rem inventore. Provident quasi quibusdam aut error quidem. Ad quod neque quos non sed eum. Fuga laborum aut quo dolores. Odit dicta et et cum.', '2022-05-07 13:34:41', '2022-05-07 13:34:41'),
	(193, '1', 1, 49, 1, 'Et aliquam ullam suscipit distinctio aut. Quam quae suscipit atque quas vel in. Illum et facere unde perferendis quos cum rem inventore. Provident quasi quibusdam aut error quidem. Ad quod neque quos non sed eum. Fuga laborum aut quo dolores. Odit dicta et et cum.', '2022-05-07 13:34:41', '2022-05-07 13:34:41'),
	(194, '1', 6, 49, 1, 'Et aliquam ullam suscipit distinctio aut. Quam quae suscipit atque quas vel in. Illum et facere unde perferendis quos cum rem inventore. Provident quasi quibusdam aut error quidem. Ad quod neque quos non sed eum. Fuga laborum aut quo dolores. Odit dicta et et cum.', '2022-05-07 13:34:41', '2022-05-07 13:34:41'),
	(195, '1', 6, 49, 1, 'Et aliquam ullam suscipit distinctio aut. Quam quae suscipit atque quas vel in. Illum et facere unde perferendis quos cum rem inventore. Provident quasi quibusdam aut error quidem. Ad quod neque quos non sed eum. Fuga laborum aut quo dolores. Odit dicta et et cum.', '2022-05-07 13:34:41', '2022-05-07 13:34:41'),
	(196, '1', 11, 50, 1, 'Repellendus commodi non magni dignissimos possimus. Corporis doloremque hic natus ea aliquid. Iusto doloremque neque voluptatem. Quae hic recusandae minus eos veritatis. Est quisquam debitis nostrum rerum ad animi eum.', '2022-05-07 13:34:41', '2022-05-07 13:34:41'),
	(197, '1', 4, 50, 1, 'Repellendus commodi non magni dignissimos possimus. Corporis doloremque hic natus ea aliquid. Iusto doloremque neque voluptatem. Quae hic recusandae minus eos veritatis. Est quisquam debitis nostrum rerum ad animi eum.', '2022-05-07 13:34:41', '2022-05-07 13:34:41'),
	(198, '1', 8, 50, 1, 'Repellendus commodi non magni dignissimos possimus. Corporis doloremque hic natus ea aliquid. Iusto doloremque neque voluptatem. Quae hic recusandae minus eos veritatis. Est quisquam debitis nostrum rerum ad animi eum.', '2022-05-07 13:34:41', '2022-05-07 13:34:41'),
	(199, '1', 1, 50, 1, 'Repellendus commodi non magni dignissimos possimus. Corporis doloremque hic natus ea aliquid. Iusto doloremque neque voluptatem. Quae hic recusandae minus eos veritatis. Est quisquam debitis nostrum rerum ad animi eum.', '2022-05-07 13:34:41', '2022-05-07 13:34:41'),
	(200, '1', 1, 50, 1, 'Repellendus commodi non magni dignissimos possimus. Corporis doloremque hic natus ea aliquid. Iusto doloremque neque voluptatem. Quae hic recusandae minus eos veritatis. Est quisquam debitis nostrum rerum ad animi eum.', '2022-05-07 13:34:41', '2022-05-07 13:34:41'),
	(201, '1', 4, 51, 1, 'Id at eligendi cupiditate id officia unde laudantium. Hic accusantium quis et voluptatum ab laudantium. Vero aliquid alias praesentium aut id quis quasi. Esse et eaque quam eos et odit quia. Officia labore voluptatem sequi id rerum. Veniam maiores alias nihil eos minima est suscipit.', '2022-05-07 13:34:41', '2022-05-07 13:34:41'),
	(202, '1', 11, 51, 1, 'Id at eligendi cupiditate id officia unde laudantium. Hic accusantium quis et voluptatum ab laudantium. Vero aliquid alias praesentium aut id quis quasi. Esse et eaque quam eos et odit quia. Officia labore voluptatem sequi id rerum. Veniam maiores alias nihil eos minima est suscipit.', '2022-05-07 13:34:41', '2022-05-07 13:34:41'),
	(203, '1', 11, 51, 1, 'Id at eligendi cupiditate id officia unde laudantium. Hic accusantium quis et voluptatum ab laudantium. Vero aliquid alias praesentium aut id quis quasi. Esse et eaque quam eos et odit quia. Officia labore voluptatem sequi id rerum. Veniam maiores alias nihil eos minima est suscipit.', '2022-05-07 13:34:41', '2022-05-07 13:34:41'),
	(204, '1', 10, 51, 1, 'Id at eligendi cupiditate id officia unde laudantium. Hic accusantium quis et voluptatum ab laudantium. Vero aliquid alias praesentium aut id quis quasi. Esse et eaque quam eos et odit quia. Officia labore voluptatem sequi id rerum. Veniam maiores alias nihil eos minima est suscipit.', '2022-05-07 13:34:41', '2022-05-07 13:34:41'),
	(205, '1', 1, 51, 1, 'Id at eligendi cupiditate id officia unde laudantium. Hic accusantium quis et voluptatum ab laudantium. Vero aliquid alias praesentium aut id quis quasi. Esse et eaque quam eos et odit quia. Officia labore voluptatem sequi id rerum. Veniam maiores alias nihil eos minima est suscipit.', '2022-05-07 13:34:41', '2022-05-07 13:34:41'),
	(206, '1', 9, 52, 1, 'Architecto consectetur officia velit dolor culpa voluptatem. Omnis qui nesciunt sed tempore. Est illo quibusdam cumque ut alias.', '2022-05-07 13:34:41', '2022-05-07 13:34:41'),
	(207, '1', 7, 52, 1, 'Architecto consectetur officia velit dolor culpa voluptatem. Omnis qui nesciunt sed tempore. Est illo quibusdam cumque ut alias.', '2022-05-07 13:34:41', '2022-05-07 13:34:41'),
	(208, '1', 8, 52, 1, 'Architecto consectetur officia velit dolor culpa voluptatem. Omnis qui nesciunt sed tempore. Est illo quibusdam cumque ut alias.', '2022-05-07 13:34:41', '2022-05-07 13:34:41'),
	(209, '1', 5, 52, 1, 'Architecto consectetur officia velit dolor culpa voluptatem. Omnis qui nesciunt sed tempore. Est illo quibusdam cumque ut alias.', '2022-05-07 13:34:41', '2022-05-07 13:34:41'),
	(210, '1', 7, 52, 1, 'Architecto consectetur officia velit dolor culpa voluptatem. Omnis qui nesciunt sed tempore. Est illo quibusdam cumque ut alias.', '2022-05-07 13:34:41', '2022-05-07 13:34:41'),
	(211, '1', 5, 53, 1, 'Recusandae enim non expedita aliquid. Vitae id sint mollitia unde qui voluptas nihil. Autem harum praesentium voluptate est. At perferendis vero impedit est sequi.', '2022-05-07 13:34:41', '2022-05-07 13:34:41'),
	(212, '1', 8, 53, 1, 'Recusandae enim non expedita aliquid. Vitae id sint mollitia unde qui voluptas nihil. Autem harum praesentium voluptate est. At perferendis vero impedit est sequi.', '2022-05-07 13:34:41', '2022-05-07 13:34:41'),
	(213, '1', 6, 53, 1, 'Recusandae enim non expedita aliquid. Vitae id sint mollitia unde qui voluptas nihil. Autem harum praesentium voluptate est. At perferendis vero impedit est sequi.', '2022-05-07 13:34:41', '2022-05-07 13:34:41'),
	(214, '1', 3, 53, 1, 'Recusandae enim non expedita aliquid. Vitae id sint mollitia unde qui voluptas nihil. Autem harum praesentium voluptate est. At perferendis vero impedit est sequi.', '2022-05-07 13:34:41', '2022-05-07 13:34:41'),
	(215, '1', 1, 53, 1, 'Recusandae enim non expedita aliquid. Vitae id sint mollitia unde qui voluptas nihil. Autem harum praesentium voluptate est. At perferendis vero impedit est sequi.', '2022-05-07 13:34:41', '2022-05-07 13:34:41'),
	(216, '1', 11, 54, 1, 'Quisquam in accusamus tempore cumque nisi nihil. Aut quis perferendis rem quia. Soluta qui recusandae laboriosam quo. Quibusdam est aut nihil tenetur exercitationem.', '2022-05-07 13:34:41', '2022-05-07 13:34:41'),
	(217, '1', 7, 54, 1, 'Quisquam in accusamus tempore cumque nisi nihil. Aut quis perferendis rem quia. Soluta qui recusandae laboriosam quo. Quibusdam est aut nihil tenetur exercitationem.', '2022-05-07 13:34:41', '2022-05-07 13:34:41'),
	(218, '1', 3, 54, 1, 'Quisquam in accusamus tempore cumque nisi nihil. Aut quis perferendis rem quia. Soluta qui recusandae laboriosam quo. Quibusdam est aut nihil tenetur exercitationem.', '2022-05-07 13:34:41', '2022-05-07 13:34:41'),
	(219, '1', 3, 54, 1, 'Quisquam in accusamus tempore cumque nisi nihil. Aut quis perferendis rem quia. Soluta qui recusandae laboriosam quo. Quibusdam est aut nihil tenetur exercitationem.', '2022-05-07 13:34:41', '2022-05-07 13:34:41'),
	(220, '1', 6, 54, 1, 'Quisquam in accusamus tempore cumque nisi nihil. Aut quis perferendis rem quia. Soluta qui recusandae laboriosam quo. Quibusdam est aut nihil tenetur exercitationem.', '2022-05-07 13:34:41', '2022-05-07 13:34:41'),
	(221, '1', 7, 55, 1, 'Voluptatibus quis qui ipsa ut assumenda. Nihil mollitia odit et fuga quae rerum. Voluptatem similique autem cupiditate consequatur voluptas possimus.', '2022-05-07 13:34:41', '2022-05-07 13:34:41'),
	(222, '1', 11, 55, 1, 'Voluptatibus quis qui ipsa ut assumenda. Nihil mollitia odit et fuga quae rerum. Voluptatem similique autem cupiditate consequatur voluptas possimus.', '2022-05-07 13:34:41', '2022-05-07 13:34:41'),
	(223, '1', 10, 55, 1, 'Voluptatibus quis qui ipsa ut assumenda. Nihil mollitia odit et fuga quae rerum. Voluptatem similique autem cupiditate consequatur voluptas possimus.', '2022-05-07 13:34:41', '2022-05-07 13:34:41'),
	(224, '1', 11, 55, 1, 'Voluptatibus quis qui ipsa ut assumenda. Nihil mollitia odit et fuga quae rerum. Voluptatem similique autem cupiditate consequatur voluptas possimus.', '2022-05-07 13:34:41', '2022-05-07 13:34:41'),
	(225, '1', 2, 55, 1, 'Voluptatibus quis qui ipsa ut assumenda. Nihil mollitia odit et fuga quae rerum. Voluptatem similique autem cupiditate consequatur voluptas possimus.', '2022-05-07 13:34:41', '2022-05-07 13:34:41'),
	(226, '1', 1, 56, 1, 'Molestias et earum repellendus repellendus magni aut ducimus. Neque repudiandae veritatis blanditiis quis reiciendis sit. Nihil dolore ut quis laudantium quo. Ipsum nisi blanditiis blanditiis nulla eius. Aspernatur in quis laudantium non esse. Ut sit ratione officia architecto delectus.', '2022-05-07 13:34:41', '2022-05-07 13:34:41'),
	(227, '1', 9, 56, 1, 'Molestias et earum repellendus repellendus magni aut ducimus. Neque repudiandae veritatis blanditiis quis reiciendis sit. Nihil dolore ut quis laudantium quo. Ipsum nisi blanditiis blanditiis nulla eius. Aspernatur in quis laudantium non esse. Ut sit ratione officia architecto delectus.', '2022-05-07 13:34:41', '2022-05-07 13:34:41'),
	(228, '1', 11, 56, 1, 'Molestias et earum repellendus repellendus magni aut ducimus. Neque repudiandae veritatis blanditiis quis reiciendis sit. Nihil dolore ut quis laudantium quo. Ipsum nisi blanditiis blanditiis nulla eius. Aspernatur in quis laudantium non esse. Ut sit ratione officia architecto delectus.', '2022-05-07 13:34:41', '2022-05-07 13:34:41'),
	(229, '1', 3, 56, 1, 'Molestias et earum repellendus repellendus magni aut ducimus. Neque repudiandae veritatis blanditiis quis reiciendis sit. Nihil dolore ut quis laudantium quo. Ipsum nisi blanditiis blanditiis nulla eius. Aspernatur in quis laudantium non esse. Ut sit ratione officia architecto delectus.', '2022-05-07 13:34:41', '2022-05-07 13:34:41'),
	(230, '1', 7, 56, 1, 'Molestias et earum repellendus repellendus magni aut ducimus. Neque repudiandae veritatis blanditiis quis reiciendis sit. Nihil dolore ut quis laudantium quo. Ipsum nisi blanditiis blanditiis nulla eius. Aspernatur in quis laudantium non esse. Ut sit ratione officia architecto delectus.', '2022-05-07 13:34:41', '2022-05-07 13:34:41'),
	(231, '1', 10, 57, 1, 'Et sint qui et aut enim et. Veritatis natus et modi dolorem provident nam totam. Corporis sunt molestias non dolorem labore suscipit eligendi est. Quasi fugit veritatis consequuntur voluptatem ut. Distinctio quam voluptatem earum nulla repudiandae. Ipsa laboriosam odit iure praesentium amet maxime.', '2022-05-07 13:34:41', '2022-05-07 13:34:41'),
	(232, '1', 4, 57, 1, 'Et sint qui et aut enim et. Veritatis natus et modi dolorem provident nam totam. Corporis sunt molestias non dolorem labore suscipit eligendi est. Quasi fugit veritatis consequuntur voluptatem ut. Distinctio quam voluptatem earum nulla repudiandae. Ipsa laboriosam odit iure praesentium amet maxime.', '2022-05-07 13:34:41', '2022-05-07 13:34:41'),
	(233, '1', 6, 57, 1, 'Et sint qui et aut enim et. Veritatis natus et modi dolorem provident nam totam. Corporis sunt molestias non dolorem labore suscipit eligendi est. Quasi fugit veritatis consequuntur voluptatem ut. Distinctio quam voluptatem earum nulla repudiandae. Ipsa laboriosam odit iure praesentium amet maxime.', '2022-05-07 13:34:41', '2022-05-07 13:34:41'),
	(234, '1', 1, 57, 1, 'Et sint qui et aut enim et. Veritatis natus et modi dolorem provident nam totam. Corporis sunt molestias non dolorem labore suscipit eligendi est. Quasi fugit veritatis consequuntur voluptatem ut. Distinctio quam voluptatem earum nulla repudiandae. Ipsa laboriosam odit iure praesentium amet maxime.', '2022-05-07 13:34:41', '2022-05-07 13:34:41'),
	(235, '1', 10, 57, 1, 'Et sint qui et aut enim et. Veritatis natus et modi dolorem provident nam totam. Corporis sunt molestias non dolorem labore suscipit eligendi est. Quasi fugit veritatis consequuntur voluptatem ut. Distinctio quam voluptatem earum nulla repudiandae. Ipsa laboriosam odit iure praesentium amet maxime.', '2022-05-07 13:34:41', '2022-05-07 13:34:41'),
	(236, '1', 4, 58, 1, 'Vitae et rerum ut eum quasi iste. Saepe excepturi qui modi deserunt id quas qui. Id necessitatibus et aliquam itaque. Quis suscipit fugit cum eveniet et. Possimus esse cum quisquam ut doloribus exercitationem.', '2022-05-07 13:34:41', '2022-05-07 13:34:41'),
	(237, '1', 3, 58, 1, 'Vitae et rerum ut eum quasi iste. Saepe excepturi qui modi deserunt id quas qui. Id necessitatibus et aliquam itaque. Quis suscipit fugit cum eveniet et. Possimus esse cum quisquam ut doloribus exercitationem.', '2022-05-07 13:34:41', '2022-05-07 13:34:41'),
	(238, '1', 10, 58, 1, 'Vitae et rerum ut eum quasi iste. Saepe excepturi qui modi deserunt id quas qui. Id necessitatibus et aliquam itaque. Quis suscipit fugit cum eveniet et. Possimus esse cum quisquam ut doloribus exercitationem.', '2022-05-07 13:34:41', '2022-05-07 13:34:41'),
	(239, '1', 5, 58, 1, 'Vitae et rerum ut eum quasi iste. Saepe excepturi qui modi deserunt id quas qui. Id necessitatibus et aliquam itaque. Quis suscipit fugit cum eveniet et. Possimus esse cum quisquam ut doloribus exercitationem.', '2022-05-07 13:34:41', '2022-05-07 13:34:41'),
	(240, '1', 3, 58, 1, 'Vitae et rerum ut eum quasi iste. Saepe excepturi qui modi deserunt id quas qui. Id necessitatibus et aliquam itaque. Quis suscipit fugit cum eveniet et. Possimus esse cum quisquam ut doloribus exercitationem.', '2022-05-07 13:34:41', '2022-05-07 13:34:41'),
	(241, '1', 10, 59, 1, 'Nesciunt debitis voluptates quidem. Et soluta corporis dolores ea et hic. Quod corporis facilis nihil et. Quasi temporibus suscipit pariatur quo modi est id. Cupiditate earum enim rerum voluptatum iste saepe. Deserunt odit aut maxime voluptatem ut eos.', '2022-05-07 13:34:41', '2022-05-07 13:34:41'),
	(242, '1', 11, 59, 1, 'Nesciunt debitis voluptates quidem. Et soluta corporis dolores ea et hic. Quod corporis facilis nihil et. Quasi temporibus suscipit pariatur quo modi est id. Cupiditate earum enim rerum voluptatum iste saepe. Deserunt odit aut maxime voluptatem ut eos.', '2022-05-07 13:34:41', '2022-05-07 13:34:41'),
	(243, '1', 3, 59, 1, 'Nesciunt debitis voluptates quidem. Et soluta corporis dolores ea et hic. Quod corporis facilis nihil et. Quasi temporibus suscipit pariatur quo modi est id. Cupiditate earum enim rerum voluptatum iste saepe. Deserunt odit aut maxime voluptatem ut eos.', '2022-05-07 13:34:41', '2022-05-07 13:34:41'),
	(244, '1', 9, 59, 1, 'Nesciunt debitis voluptates quidem. Et soluta corporis dolores ea et hic. Quod corporis facilis nihil et. Quasi temporibus suscipit pariatur quo modi est id. Cupiditate earum enim rerum voluptatum iste saepe. Deserunt odit aut maxime voluptatem ut eos.', '2022-05-07 13:34:41', '2022-05-07 13:34:41'),
	(245, '1', 4, 59, 1, 'Nesciunt debitis voluptates quidem. Et soluta corporis dolores ea et hic. Quod corporis facilis nihil et. Quasi temporibus suscipit pariatur quo modi est id. Cupiditate earum enim rerum voluptatum iste saepe. Deserunt odit aut maxime voluptatem ut eos.', '2022-05-07 13:34:41', '2022-05-07 13:34:41'),
	(246, '1', 8, 60, 1, 'Sint perferendis voluptatibus cupiditate vel illo amet cupiditate et. Consequatur delectus sed consectetur aliquam aut sed qui. Esse rerum quia repudiandae dolores. Non quo est fugiat natus eaque excepturi architecto. Tenetur adipisci consequuntur iusto repellat nostrum similique beatae.', '2022-05-07 13:34:41', '2022-05-07 13:34:41'),
	(247, '1', 6, 60, 1, 'Sint perferendis voluptatibus cupiditate vel illo amet cupiditate et. Consequatur delectus sed consectetur aliquam aut sed qui. Esse rerum quia repudiandae dolores. Non quo est fugiat natus eaque excepturi architecto. Tenetur adipisci consequuntur iusto repellat nostrum similique beatae.', '2022-05-07 13:34:41', '2022-05-07 13:34:41'),
	(248, '1', 10, 60, 1, 'Sint perferendis voluptatibus cupiditate vel illo amet cupiditate et. Consequatur delectus sed consectetur aliquam aut sed qui. Esse rerum quia repudiandae dolores. Non quo est fugiat natus eaque excepturi architecto. Tenetur adipisci consequuntur iusto repellat nostrum similique beatae.', '2022-05-07 13:34:41', '2022-05-07 13:34:41'),
	(249, '1', 6, 60, 1, 'Sint perferendis voluptatibus cupiditate vel illo amet cupiditate et. Consequatur delectus sed consectetur aliquam aut sed qui. Esse rerum quia repudiandae dolores. Non quo est fugiat natus eaque excepturi architecto. Tenetur adipisci consequuntur iusto repellat nostrum similique beatae.', '2022-05-07 13:34:41', '2022-05-07 13:34:41'),
	(250, '1', 3, 60, 1, 'Sint perferendis voluptatibus cupiditate vel illo amet cupiditate et. Consequatur delectus sed consectetur aliquam aut sed qui. Esse rerum quia repudiandae dolores. Non quo est fugiat natus eaque excepturi architecto. Tenetur adipisci consequuntur iusto repellat nostrum similique beatae.', '2022-05-07 13:34:41', '2022-05-07 13:34:41'),
	(251, '1', 1, 61, 1, 'Cumque odit ut aut aut corporis inventore quibusdam. Est non quibusdam voluptatem sunt. Quia libero voluptates possimus voluptas. Quis sint qui aperiam beatae aut explicabo cum. Officia illum beatae vel quod. Non et labore non magnam voluptas architecto.', '2022-05-07 13:34:41', '2022-05-07 13:34:41'),
	(252, '1', 11, 61, 1, 'Cumque odit ut aut aut corporis inventore quibusdam. Est non quibusdam voluptatem sunt. Quia libero voluptates possimus voluptas. Quis sint qui aperiam beatae aut explicabo cum. Officia illum beatae vel quod. Non et labore non magnam voluptas architecto.', '2022-05-07 13:34:41', '2022-05-07 13:34:41'),
	(253, '1', 2, 61, 1, 'Cumque odit ut aut aut corporis inventore quibusdam. Est non quibusdam voluptatem sunt. Quia libero voluptates possimus voluptas. Quis sint qui aperiam beatae aut explicabo cum. Officia illum beatae vel quod. Non et labore non magnam voluptas architecto.', '2022-05-07 13:34:41', '2022-05-07 13:34:41'),
	(254, '1', 1, 61, 1, 'Cumque odit ut aut aut corporis inventore quibusdam. Est non quibusdam voluptatem sunt. Quia libero voluptates possimus voluptas. Quis sint qui aperiam beatae aut explicabo cum. Officia illum beatae vel quod. Non et labore non magnam voluptas architecto.', '2022-05-07 13:34:41', '2022-05-07 13:34:41'),
	(255, '1', 11, 61, 1, 'Cumque odit ut aut aut corporis inventore quibusdam. Est non quibusdam voluptatem sunt. Quia libero voluptates possimus voluptas. Quis sint qui aperiam beatae aut explicabo cum. Officia illum beatae vel quod. Non et labore non magnam voluptas architecto.', '2022-05-07 13:34:41', '2022-05-07 13:34:41'),
	(256, '1', 6, 62, 1, 'Minima facilis quis corrupti nostrum. Harum vero autem repellat ipsum in. Quibusdam ex recusandae neque est. Dolor odio voluptatibus eius occaecati eum earum modi.', '2022-05-07 13:34:41', '2022-05-07 13:34:41'),
	(257, '1', 4, 62, 1, 'Minima facilis quis corrupti nostrum. Harum vero autem repellat ipsum in. Quibusdam ex recusandae neque est. Dolor odio voluptatibus eius occaecati eum earum modi.', '2022-05-07 13:34:41', '2022-05-07 13:34:41'),
	(258, '1', 3, 62, 1, 'Minima facilis quis corrupti nostrum. Harum vero autem repellat ipsum in. Quibusdam ex recusandae neque est. Dolor odio voluptatibus eius occaecati eum earum modi.', '2022-05-07 13:34:41', '2022-05-07 13:34:41'),
	(259, '1', 3, 62, 1, 'Minima facilis quis corrupti nostrum. Harum vero autem repellat ipsum in. Quibusdam ex recusandae neque est. Dolor odio voluptatibus eius occaecati eum earum modi.', '2022-05-07 13:34:41', '2022-05-07 13:34:41'),
	(260, '1', 2, 62, 1, 'Minima facilis quis corrupti nostrum. Harum vero autem repellat ipsum in. Quibusdam ex recusandae neque est. Dolor odio voluptatibus eius occaecati eum earum modi.', '2022-05-07 13:34:41', '2022-05-07 13:34:41'),
	(261, '1', 6, 63, 1, 'Quia corporis soluta rerum aut. Est sint id aspernatur qui. Ut dolores doloremque eum quidem repellendus sed. Nisi amet libero consectetur a incidunt aspernatur nihil qui. Ducimus aliquam similique voluptates provident. Nesciunt sunt eligendi vel eveniet.', '2022-05-07 13:34:41', '2022-05-07 13:34:41'),
	(262, '1', 1, 63, 1, 'Quia corporis soluta rerum aut. Est sint id aspernatur qui. Ut dolores doloremque eum quidem repellendus sed. Nisi amet libero consectetur a incidunt aspernatur nihil qui. Ducimus aliquam similique voluptates provident. Nesciunt sunt eligendi vel eveniet.', '2022-05-07 13:34:41', '2022-05-07 13:34:41'),
	(263, '1', 10, 63, 1, 'Quia corporis soluta rerum aut. Est sint id aspernatur qui. Ut dolores doloremque eum quidem repellendus sed. Nisi amet libero consectetur a incidunt aspernatur nihil qui. Ducimus aliquam similique voluptates provident. Nesciunt sunt eligendi vel eveniet.', '2022-05-07 13:34:41', '2022-05-07 13:34:41'),
	(264, '1', 7, 63, 1, 'Quia corporis soluta rerum aut. Est sint id aspernatur qui. Ut dolores doloremque eum quidem repellendus sed. Nisi amet libero consectetur a incidunt aspernatur nihil qui. Ducimus aliquam similique voluptates provident. Nesciunt sunt eligendi vel eveniet.', '2022-05-07 13:34:41', '2022-05-07 13:34:41'),
	(265, '1', 6, 63, 1, 'Quia corporis soluta rerum aut. Est sint id aspernatur qui. Ut dolores doloremque eum quidem repellendus sed. Nisi amet libero consectetur a incidunt aspernatur nihil qui. Ducimus aliquam similique voluptates provident. Nesciunt sunt eligendi vel eveniet.', '2022-05-07 13:34:41', '2022-05-07 13:34:41'),
	(266, '1', 1, 64, 1, 'Quo voluptatibus dolorem a non excepturi cumque architecto. Expedita perspiciatis qui facilis est quod. Rerum atque dolorum voluptatibus soluta aliquid. Quia sequi doloremque laborum.', '2022-05-07 13:34:41', '2022-05-07 13:34:41'),
	(267, '1', 2, 64, 1, 'Quo voluptatibus dolorem a non excepturi cumque architecto. Expedita perspiciatis qui facilis est quod. Rerum atque dolorum voluptatibus soluta aliquid. Quia sequi doloremque laborum.', '2022-05-07 13:34:41', '2022-05-07 13:34:41'),
	(268, '1', 4, 64, 1, 'Quo voluptatibus dolorem a non excepturi cumque architecto. Expedita perspiciatis qui facilis est quod. Rerum atque dolorum voluptatibus soluta aliquid. Quia sequi doloremque laborum.', '2022-05-07 13:34:41', '2022-05-07 13:34:41'),
	(269, '1', 4, 64, 1, 'Quo voluptatibus dolorem a non excepturi cumque architecto. Expedita perspiciatis qui facilis est quod. Rerum atque dolorum voluptatibus soluta aliquid. Quia sequi doloremque laborum.', '2022-05-07 13:34:41', '2022-05-07 13:34:41'),
	(270, '1', 1, 64, 1, 'Quo voluptatibus dolorem a non excepturi cumque architecto. Expedita perspiciatis qui facilis est quod. Rerum atque dolorum voluptatibus soluta aliquid. Quia sequi doloremque laborum.', '2022-05-07 13:34:41', '2022-05-07 13:34:41'),
	(271, '1', 11, 65, 1, 'Aliquam omnis ex ipsam ex ab vel sit amet. Deserunt pariatur et fugit. Praesentium temporibus qui expedita odio aut minima consequatur. Et animi quia quia sint autem. Reiciendis cumque expedita autem aut sed maxime. Totam error aut modi voluptatum. Et ducimus molestiae autem qui non vitae aut.', '2022-05-07 13:34:41', '2022-05-07 13:34:41'),
	(272, '1', 4, 65, 1, 'Aliquam omnis ex ipsam ex ab vel sit amet. Deserunt pariatur et fugit. Praesentium temporibus qui expedita odio aut minima consequatur. Et animi quia quia sint autem. Reiciendis cumque expedita autem aut sed maxime. Totam error aut modi voluptatum. Et ducimus molestiae autem qui non vitae aut.', '2022-05-07 13:34:41', '2022-05-07 13:34:41'),
	(273, '1', 2, 65, 1, 'Aliquam omnis ex ipsam ex ab vel sit amet. Deserunt pariatur et fugit. Praesentium temporibus qui expedita odio aut minima consequatur. Et animi quia quia sint autem. Reiciendis cumque expedita autem aut sed maxime. Totam error aut modi voluptatum. Et ducimus molestiae autem qui non vitae aut.', '2022-05-07 13:34:41', '2022-05-07 13:34:41'),
	(274, '1', 5, 65, 1, 'Aliquam omnis ex ipsam ex ab vel sit amet. Deserunt pariatur et fugit. Praesentium temporibus qui expedita odio aut minima consequatur. Et animi quia quia sint autem. Reiciendis cumque expedita autem aut sed maxime. Totam error aut modi voluptatum. Et ducimus molestiae autem qui non vitae aut.', '2022-05-07 13:34:41', '2022-05-07 13:34:41'),
	(275, '1', 4, 65, 1, 'Aliquam omnis ex ipsam ex ab vel sit amet. Deserunt pariatur et fugit. Praesentium temporibus qui expedita odio aut minima consequatur. Et animi quia quia sint autem. Reiciendis cumque expedita autem aut sed maxime. Totam error aut modi voluptatum. Et ducimus molestiae autem qui non vitae aut.', '2022-05-07 13:34:41', '2022-05-07 13:34:41'),
	(276, '1', 1, 66, 1, 'Quaerat minus illo enim rerum natus veritatis. Voluptate asperiores aliquid qui ipsam ea. Omnis quis dolorum velit qui et.', '2022-05-07 13:34:41', '2022-05-07 13:34:41'),
	(277, '1', 4, 66, 1, 'Quaerat minus illo enim rerum natus veritatis. Voluptate asperiores aliquid qui ipsam ea. Omnis quis dolorum velit qui et.', '2022-05-07 13:34:41', '2022-05-07 13:34:41'),
	(278, '1', 4, 66, 1, 'Quaerat minus illo enim rerum natus veritatis. Voluptate asperiores aliquid qui ipsam ea. Omnis quis dolorum velit qui et.', '2022-05-07 13:34:41', '2022-05-07 13:34:41'),
	(279, '1', 7, 66, 1, 'Quaerat minus illo enim rerum natus veritatis. Voluptate asperiores aliquid qui ipsam ea. Omnis quis dolorum velit qui et.', '2022-05-07 13:34:41', '2022-05-07 13:34:41'),
	(280, '1', 7, 66, 1, 'Quaerat minus illo enim rerum natus veritatis. Voluptate asperiores aliquid qui ipsam ea. Omnis quis dolorum velit qui et.', '2022-05-07 13:34:41', '2022-05-07 13:34:41'),
	(281, '1', 9, 67, 1, 'Earum et explicabo vel. Error aut cumque aut iure autem error cumque consequatur. Fuga qui velit hic est porro sequi. Et at incidunt dolores. Consequatur autem tenetur magni.', '2022-05-07 13:34:41', '2022-05-07 13:34:41'),
	(282, '1', 2, 67, 1, 'Earum et explicabo vel. Error aut cumque aut iure autem error cumque consequatur. Fuga qui velit hic est porro sequi. Et at incidunt dolores. Consequatur autem tenetur magni.', '2022-05-07 13:34:41', '2022-05-07 13:34:41'),
	(283, '1', 2, 67, 1, 'Earum et explicabo vel. Error aut cumque aut iure autem error cumque consequatur. Fuga qui velit hic est porro sequi. Et at incidunt dolores. Consequatur autem tenetur magni.', '2022-05-07 13:34:41', '2022-05-07 13:34:41'),
	(284, '1', 5, 67, 1, 'Earum et explicabo vel. Error aut cumque aut iure autem error cumque consequatur. Fuga qui velit hic est porro sequi. Et at incidunt dolores. Consequatur autem tenetur magni.', '2022-05-07 13:34:41', '2022-05-07 13:34:41'),
	(285, '1', 1, 67, 1, 'Earum et explicabo vel. Error aut cumque aut iure autem error cumque consequatur. Fuga qui velit hic est porro sequi. Et at incidunt dolores. Consequatur autem tenetur magni.', '2022-05-07 13:34:41', '2022-05-07 13:34:41'),
	(286, '1', 7, 68, 1, 'Saepe et voluptatem quia esse architecto provident ex laboriosam. Et rerum quo eum consequuntur consectetur consequatur cupiditate. Et qui minus neque eius. Qui id non aut ut rerum. Perspiciatis qui et rerum quia. Commodi nihil aliquid officiis qui consequatur exercitationem.', '2022-05-07 13:34:41', '2022-05-07 13:34:41'),
	(287, '1', 10, 68, 1, 'Saepe et voluptatem quia esse architecto provident ex laboriosam. Et rerum quo eum consequuntur consectetur consequatur cupiditate. Et qui minus neque eius. Qui id non aut ut rerum. Perspiciatis qui et rerum quia. Commodi nihil aliquid officiis qui consequatur exercitationem.', '2022-05-07 13:34:41', '2022-05-07 13:34:41'),
	(288, '1', 3, 68, 1, 'Saepe et voluptatem quia esse architecto provident ex laboriosam. Et rerum quo eum consequuntur consectetur consequatur cupiditate. Et qui minus neque eius. Qui id non aut ut rerum. Perspiciatis qui et rerum quia. Commodi nihil aliquid officiis qui consequatur exercitationem.', '2022-05-07 13:34:41', '2022-05-07 13:34:41'),
	(289, '1', 5, 68, 1, 'Saepe et voluptatem quia esse architecto provident ex laboriosam. Et rerum quo eum consequuntur consectetur consequatur cupiditate. Et qui minus neque eius. Qui id non aut ut rerum. Perspiciatis qui et rerum quia. Commodi nihil aliquid officiis qui consequatur exercitationem.', '2022-05-07 13:34:41', '2022-05-07 13:34:41'),
	(290, '1', 2, 68, 1, 'Saepe et voluptatem quia esse architecto provident ex laboriosam. Et rerum quo eum consequuntur consectetur consequatur cupiditate. Et qui minus neque eius. Qui id non aut ut rerum. Perspiciatis qui et rerum quia. Commodi nihil aliquid officiis qui consequatur exercitationem.', '2022-05-07 13:34:41', '2022-05-07 13:34:41'),
	(291, '1', 7, 69, 1, 'Consequatur exercitationem rerum non qui perferendis id. Aut ipsum ullam assumenda. Itaque cumque sit sit sunt quis mollitia doloremque officia. Est et voluptatem dolorem corrupti eos quod tenetur.', '2022-05-07 13:34:41', '2022-05-07 13:34:41'),
	(292, '1', 9, 69, 1, 'Consequatur exercitationem rerum non qui perferendis id. Aut ipsum ullam assumenda. Itaque cumque sit sit sunt quis mollitia doloremque officia. Est et voluptatem dolorem corrupti eos quod tenetur.', '2022-05-07 13:34:41', '2022-05-07 13:34:41'),
	(293, '1', 4, 69, 1, 'Consequatur exercitationem rerum non qui perferendis id. Aut ipsum ullam assumenda. Itaque cumque sit sit sunt quis mollitia doloremque officia. Est et voluptatem dolorem corrupti eos quod tenetur.', '2022-05-07 13:34:41', '2022-05-07 13:34:41'),
	(294, '1', 2, 69, 1, 'Consequatur exercitationem rerum non qui perferendis id. Aut ipsum ullam assumenda. Itaque cumque sit sit sunt quis mollitia doloremque officia. Est et voluptatem dolorem corrupti eos quod tenetur.', '2022-05-07 13:34:41', '2022-05-07 13:34:41'),
	(295, '1', 4, 69, 1, 'Consequatur exercitationem rerum non qui perferendis id. Aut ipsum ullam assumenda. Itaque cumque sit sit sunt quis mollitia doloremque officia. Est et voluptatem dolorem corrupti eos quod tenetur.', '2022-05-07 13:34:41', '2022-05-07 13:34:41'),
	(296, '1', 5, 70, 1, 'Repellat accusamus consectetur labore omnis. Sequi quia vero nostrum doloribus. Ea sit non optio eveniet veniam. Possimus quia aspernatur dolorem doloremque voluptatem et.', '2022-05-07 13:34:41', '2022-05-07 13:34:41'),
	(297, '1', 6, 70, 1, 'Repellat accusamus consectetur labore omnis. Sequi quia vero nostrum doloribus. Ea sit non optio eveniet veniam. Possimus quia aspernatur dolorem doloremque voluptatem et.', '2022-05-07 13:34:41', '2022-05-07 13:34:41'),
	(298, '1', 1, 70, 1, 'Repellat accusamus consectetur labore omnis. Sequi quia vero nostrum doloribus. Ea sit non optio eveniet veniam. Possimus quia aspernatur dolorem doloremque voluptatem et.', '2022-05-07 13:34:41', '2022-05-07 13:34:41'),
	(299, '1', 6, 70, 1, 'Repellat accusamus consectetur labore omnis. Sequi quia vero nostrum doloribus. Ea sit non optio eveniet veniam. Possimus quia aspernatur dolorem doloremque voluptatem et.', '2022-05-07 13:34:41', '2022-05-07 13:34:41'),
	(300, '1', 2, 70, 1, 'Repellat accusamus consectetur labore omnis. Sequi quia vero nostrum doloribus. Ea sit non optio eveniet veniam. Possimus quia aspernatur dolorem doloremque voluptatem et.', '2022-05-07 13:34:41', '2022-05-07 13:34:41'),
	(301, '1', 4, 71, 1, 'Magnam dicta ratione placeat perferendis. Iusto nihil perspiciatis maiores ipsam molestiae. Enim voluptate culpa non et qui ad blanditiis. Sunt excepturi rerum aut neque cupiditate quis et.', '2022-05-07 13:34:41', '2022-05-07 13:34:41'),
	(302, '1', 10, 71, 1, 'Magnam dicta ratione placeat perferendis. Iusto nihil perspiciatis maiores ipsam molestiae. Enim voluptate culpa non et qui ad blanditiis. Sunt excepturi rerum aut neque cupiditate quis et.', '2022-05-07 13:34:41', '2022-05-07 13:34:41'),
	(303, '1', 6, 71, 1, 'Magnam dicta ratione placeat perferendis. Iusto nihil perspiciatis maiores ipsam molestiae. Enim voluptate culpa non et qui ad blanditiis. Sunt excepturi rerum aut neque cupiditate quis et.', '2022-05-07 13:34:41', '2022-05-07 13:34:41'),
	(304, '1', 3, 71, 1, 'Magnam dicta ratione placeat perferendis. Iusto nihil perspiciatis maiores ipsam molestiae. Enim voluptate culpa non et qui ad blanditiis. Sunt excepturi rerum aut neque cupiditate quis et.', '2022-05-07 13:34:41', '2022-05-07 13:34:41'),
	(305, '1', 3, 71, 1, 'Magnam dicta ratione placeat perferendis. Iusto nihil perspiciatis maiores ipsam molestiae. Enim voluptate culpa non et qui ad blanditiis. Sunt excepturi rerum aut neque cupiditate quis et.', '2022-05-07 13:34:41', '2022-05-07 13:34:41'),
	(306, '1', 2, 72, 1, 'Sit debitis itaque sequi incidunt in modi. Aspernatur quisquam quidem nihil ut quia ea. Non et deserunt impedit aspernatur aliquid.', '2022-05-07 13:34:41', '2022-05-07 13:34:41'),
	(307, '1', 6, 72, 1, 'Sit debitis itaque sequi incidunt in modi. Aspernatur quisquam quidem nihil ut quia ea. Non et deserunt impedit aspernatur aliquid.', '2022-05-07 13:34:41', '2022-05-07 13:34:41'),
	(308, '1', 10, 72, 1, 'Sit debitis itaque sequi incidunt in modi. Aspernatur quisquam quidem nihil ut quia ea. Non et deserunt impedit aspernatur aliquid.', '2022-05-07 13:34:41', '2022-05-07 13:34:41'),
	(309, '1', 1, 72, 1, 'Sit debitis itaque sequi incidunt in modi. Aspernatur quisquam quidem nihil ut quia ea. Non et deserunt impedit aspernatur aliquid.', '2022-05-07 13:34:41', '2022-05-07 13:34:41'),
	(310, '1', 3, 72, 1, 'Sit debitis itaque sequi incidunt in modi. Aspernatur quisquam quidem nihil ut quia ea. Non et deserunt impedit aspernatur aliquid.', '2022-05-07 13:34:41', '2022-05-07 13:34:41'),
	(311, '1', 11, 73, 1, 'Autem eius sed ex aperiam sed. Molestiae possimus voluptate harum ut maiores. Voluptate exercitationem earum officia nostrum sit qui.', '2022-05-07 13:34:41', '2022-05-07 13:34:41'),
	(312, '1', 3, 73, 1, 'Autem eius sed ex aperiam sed. Molestiae possimus voluptate harum ut maiores. Voluptate exercitationem earum officia nostrum sit qui.', '2022-05-07 13:34:41', '2022-05-07 13:34:41'),
	(313, '1', 4, 73, 1, 'Autem eius sed ex aperiam sed. Molestiae possimus voluptate harum ut maiores. Voluptate exercitationem earum officia nostrum sit qui.', '2022-05-07 13:34:41', '2022-05-07 13:34:41'),
	(314, '1', 6, 73, 1, 'Autem eius sed ex aperiam sed. Molestiae possimus voluptate harum ut maiores. Voluptate exercitationem earum officia nostrum sit qui.', '2022-05-07 13:34:41', '2022-05-07 13:34:41'),
	(315, '1', 9, 73, 1, 'Autem eius sed ex aperiam sed. Molestiae possimus voluptate harum ut maiores. Voluptate exercitationem earum officia nostrum sit qui.', '2022-05-07 13:34:41', '2022-05-07 13:34:41'),
	(316, '1', 1, 74, 1, 'Accusamus facilis maxime ut ex ut ut. Modi dolorem modi eum quae. Nihil facilis nihil similique officiis iusto fugit tempora. Ipsam voluptatibus id voluptatem sed saepe. Quis commodi ad odio fuga accusamus.', '2022-05-07 13:34:41', '2022-05-07 13:34:41'),
	(317, '1', 5, 74, 1, 'Accusamus facilis maxime ut ex ut ut. Modi dolorem modi eum quae. Nihil facilis nihil similique officiis iusto fugit tempora. Ipsam voluptatibus id voluptatem sed saepe. Quis commodi ad odio fuga accusamus.', '2022-05-07 13:34:41', '2022-05-07 13:34:41'),
	(318, '1', 4, 74, 1, 'Accusamus facilis maxime ut ex ut ut. Modi dolorem modi eum quae. Nihil facilis nihil similique officiis iusto fugit tempora. Ipsam voluptatibus id voluptatem sed saepe. Quis commodi ad odio fuga accusamus.', '2022-05-07 13:34:41', '2022-05-07 13:34:41'),
	(319, '1', 10, 74, 1, 'Accusamus facilis maxime ut ex ut ut. Modi dolorem modi eum quae. Nihil facilis nihil similique officiis iusto fugit tempora. Ipsam voluptatibus id voluptatem sed saepe. Quis commodi ad odio fuga accusamus.', '2022-05-07 13:34:41', '2022-05-07 13:34:41'),
	(320, '1', 7, 74, 1, 'Accusamus facilis maxime ut ex ut ut. Modi dolorem modi eum quae. Nihil facilis nihil similique officiis iusto fugit tempora. Ipsam voluptatibus id voluptatem sed saepe. Quis commodi ad odio fuga accusamus.', '2022-05-07 13:34:41', '2022-05-07 13:34:41'),
	(321, '1', 10, 75, 1, 'Eum aut ratione enim rem non voluptatibus. Quibusdam et incidunt ratione voluptas rerum nesciunt. Enim expedita consequatur voluptatem architecto. Laboriosam laudantium unde sed minima nihil quaerat qui.', '2022-05-07 13:34:41', '2022-05-07 13:34:41'),
	(322, '1', 6, 75, 1, 'Eum aut ratione enim rem non voluptatibus. Quibusdam et incidunt ratione voluptas rerum nesciunt. Enim expedita consequatur voluptatem architecto. Laboriosam laudantium unde sed minima nihil quaerat qui.', '2022-05-07 13:34:41', '2022-05-07 13:34:41'),
	(323, '1', 11, 75, 1, 'Eum aut ratione enim rem non voluptatibus. Quibusdam et incidunt ratione voluptas rerum nesciunt. Enim expedita consequatur voluptatem architecto. Laboriosam laudantium unde sed minima nihil quaerat qui.', '2022-05-07 13:34:41', '2022-05-07 13:34:41'),
	(324, '1', 1, 75, 1, 'Eum aut ratione enim rem non voluptatibus. Quibusdam et incidunt ratione voluptas rerum nesciunt. Enim expedita consequatur voluptatem architecto. Laboriosam laudantium unde sed minima nihil quaerat qui.', '2022-05-07 13:34:41', '2022-05-07 13:34:41'),
	(325, '1', 10, 75, 1, 'Eum aut ratione enim rem non voluptatibus. Quibusdam et incidunt ratione voluptas rerum nesciunt. Enim expedita consequatur voluptatem architecto. Laboriosam laudantium unde sed minima nihil quaerat qui.', '2022-05-07 13:34:41', '2022-05-07 13:34:41'),
	(326, '1', 11, 76, 1, 'Illum sint eos non aliquid. Quia dolor qui accusantium soluta rerum eum voluptatem. Rerum et et velit nemo incidunt est. Et qui quas est ut repellendus laudantium. Earum mollitia consequatur quaerat accusantium. Quia quas aut libero delectus qui aut magnam.', '2022-05-07 13:34:41', '2022-05-07 13:34:41'),
	(327, '1', 8, 76, 1, 'Illum sint eos non aliquid. Quia dolor qui accusantium soluta rerum eum voluptatem. Rerum et et velit nemo incidunt est. Et qui quas est ut repellendus laudantium. Earum mollitia consequatur quaerat accusantium. Quia quas aut libero delectus qui aut magnam.', '2022-05-07 13:34:41', '2022-05-07 13:34:41'),
	(328, '1', 9, 76, 1, 'Illum sint eos non aliquid. Quia dolor qui accusantium soluta rerum eum voluptatem. Rerum et et velit nemo incidunt est. Et qui quas est ut repellendus laudantium. Earum mollitia consequatur quaerat accusantium. Quia quas aut libero delectus qui aut magnam.', '2022-05-07 13:34:41', '2022-05-07 13:34:41'),
	(329, '1', 11, 76, 1, 'Illum sint eos non aliquid. Quia dolor qui accusantium soluta rerum eum voluptatem. Rerum et et velit nemo incidunt est. Et qui quas est ut repellendus laudantium. Earum mollitia consequatur quaerat accusantium. Quia quas aut libero delectus qui aut magnam.', '2022-05-07 13:34:41', '2022-05-07 13:34:41'),
	(330, '1', 2, 76, 1, 'Illum sint eos non aliquid. Quia dolor qui accusantium soluta rerum eum voluptatem. Rerum et et velit nemo incidunt est. Et qui quas est ut repellendus laudantium. Earum mollitia consequatur quaerat accusantium. Quia quas aut libero delectus qui aut magnam.', '2022-05-07 13:34:41', '2022-05-07 13:34:41'),
	(331, '1', 5, 77, 1, 'Recusandae aliquid ipsa et aut pariatur fuga dolores. Non tenetur explicabo magni minima vel. Quis optio fugit libero et iure odit. Blanditiis modi voluptates et aut corrupti.', '2022-05-07 13:34:41', '2022-05-07 13:34:41'),
	(332, '1', 9, 77, 1, 'Recusandae aliquid ipsa et aut pariatur fuga dolores. Non tenetur explicabo magni minima vel. Quis optio fugit libero et iure odit. Blanditiis modi voluptates et aut corrupti.', '2022-05-07 13:34:41', '2022-05-07 13:34:41'),
	(333, '1', 3, 77, 1, 'Recusandae aliquid ipsa et aut pariatur fuga dolores. Non tenetur explicabo magni minima vel. Quis optio fugit libero et iure odit. Blanditiis modi voluptates et aut corrupti.', '2022-05-07 13:34:41', '2022-05-07 13:34:41'),
	(334, '1', 2, 77, 1, 'Recusandae aliquid ipsa et aut pariatur fuga dolores. Non tenetur explicabo magni minima vel. Quis optio fugit libero et iure odit. Blanditiis modi voluptates et aut corrupti.', '2022-05-07 13:34:41', '2022-05-07 13:34:41'),
	(335, '1', 8, 77, 1, 'Recusandae aliquid ipsa et aut pariatur fuga dolores. Non tenetur explicabo magni minima vel. Quis optio fugit libero et iure odit. Blanditiis modi voluptates et aut corrupti.', '2022-05-07 13:34:41', '2022-05-07 13:34:41'),
	(336, '1', 10, 78, 1, 'Qui aut cum saepe sit. Ut et numquam veritatis dignissimos accusamus. Aperiam inventore sit labore sunt labore. Eos blanditiis molestiae aut. Et optio dolor et rerum autem ut autem architecto. Recusandae consequuntur ut nihil cum sit et. Ipsa voluptas facere et sequi nam illum omnis.', '2022-05-07 13:34:41', '2022-05-07 13:34:41'),
	(337, '1', 1, 78, 1, 'Qui aut cum saepe sit. Ut et numquam veritatis dignissimos accusamus. Aperiam inventore sit labore sunt labore. Eos blanditiis molestiae aut. Et optio dolor et rerum autem ut autem architecto. Recusandae consequuntur ut nihil cum sit et. Ipsa voluptas facere et sequi nam illum omnis.', '2022-05-07 13:34:41', '2022-05-07 13:34:41'),
	(338, '1', 9, 78, 1, 'Qui aut cum saepe sit. Ut et numquam veritatis dignissimos accusamus. Aperiam inventore sit labore sunt labore. Eos blanditiis molestiae aut. Et optio dolor et rerum autem ut autem architecto. Recusandae consequuntur ut nihil cum sit et. Ipsa voluptas facere et sequi nam illum omnis.', '2022-05-07 13:34:41', '2022-05-07 13:34:41'),
	(339, '1', 9, 78, 1, 'Qui aut cum saepe sit. Ut et numquam veritatis dignissimos accusamus. Aperiam inventore sit labore sunt labore. Eos blanditiis molestiae aut. Et optio dolor et rerum autem ut autem architecto. Recusandae consequuntur ut nihil cum sit et. Ipsa voluptas facere et sequi nam illum omnis.', '2022-05-07 13:34:41', '2022-05-07 13:34:41'),
	(340, '1', 8, 78, 1, 'Qui aut cum saepe sit. Ut et numquam veritatis dignissimos accusamus. Aperiam inventore sit labore sunt labore. Eos blanditiis molestiae aut. Et optio dolor et rerum autem ut autem architecto. Recusandae consequuntur ut nihil cum sit et. Ipsa voluptas facere et sequi nam illum omnis.', '2022-05-07 13:34:41', '2022-05-07 13:34:41'),
	(341, '1', 8, 79, 1, 'Praesentium facere est est magni. Et impedit cumque itaque vitae perferendis maxime. Qui labore omnis quis. Quae at quos occaecati ducimus soluta aut qui. Sequi reiciendis omnis blanditiis nostrum neque.', '2022-05-07 13:34:41', '2022-05-07 13:34:41'),
	(342, '1', 10, 79, 1, 'Praesentium facere est est magni. Et impedit cumque itaque vitae perferendis maxime. Qui labore omnis quis. Quae at quos occaecati ducimus soluta aut qui. Sequi reiciendis omnis blanditiis nostrum neque.', '2022-05-07 13:34:41', '2022-05-07 13:34:41'),
	(343, '1', 8, 79, 1, 'Praesentium facere est est magni. Et impedit cumque itaque vitae perferendis maxime. Qui labore omnis quis. Quae at quos occaecati ducimus soluta aut qui. Sequi reiciendis omnis blanditiis nostrum neque.', '2022-05-07 13:34:41', '2022-05-07 13:34:41'),
	(344, '1', 6, 79, 1, 'Praesentium facere est est magni. Et impedit cumque itaque vitae perferendis maxime. Qui labore omnis quis. Quae at quos occaecati ducimus soluta aut qui. Sequi reiciendis omnis blanditiis nostrum neque.', '2022-05-07 13:34:41', '2022-05-07 13:34:41'),
	(345, '1', 4, 79, 1, 'Praesentium facere est est magni. Et impedit cumque itaque vitae perferendis maxime. Qui labore omnis quis. Quae at quos occaecati ducimus soluta aut qui. Sequi reiciendis omnis blanditiis nostrum neque.', '2022-05-07 13:34:41', '2022-05-07 13:34:41'),
	(346, '1', 10, 80, 1, 'Quisquam dolor sint voluptatem recusandae quia. Debitis eum ea eaque eum temporibus et. Excepturi repudiandae ut aut veniam qui. Mollitia dicta non iste consectetur tempore aut ipsum.', '2022-05-07 13:34:41', '2022-05-07 13:34:41'),
	(347, '1', 11, 80, 1, 'Quisquam dolor sint voluptatem recusandae quia. Debitis eum ea eaque eum temporibus et. Excepturi repudiandae ut aut veniam qui. Mollitia dicta non iste consectetur tempore aut ipsum.', '2022-05-07 13:34:41', '2022-05-07 13:34:41'),
	(348, '1', 7, 80, 1, 'Quisquam dolor sint voluptatem recusandae quia. Debitis eum ea eaque eum temporibus et. Excepturi repudiandae ut aut veniam qui. Mollitia dicta non iste consectetur tempore aut ipsum.', '2022-05-07 13:34:41', '2022-05-07 13:34:41'),
	(349, '1', 10, 80, 1, 'Quisquam dolor sint voluptatem recusandae quia. Debitis eum ea eaque eum temporibus et. Excepturi repudiandae ut aut veniam qui. Mollitia dicta non iste consectetur tempore aut ipsum.', '2022-05-07 13:34:41', '2022-05-07 13:34:41'),
	(350, '1', 1, 80, 1, 'Quisquam dolor sint voluptatem recusandae quia. Debitis eum ea eaque eum temporibus et. Excepturi repudiandae ut aut veniam qui. Mollitia dicta non iste consectetur tempore aut ipsum.', '2022-05-07 13:34:41', '2022-05-07 13:34:41'),
	(351, '1', 3, 81, 1, 'Magnam numquam quis nostrum nam ab vel. Similique vitae nulla ad. Quia quia velit tempora autem. Fuga repellat inventore rerum ex. Quis velit voluptas quos iste laborum. Enim quis dolore odio. Voluptas rerum ut numquam suscipit adipisci.', '2022-05-07 13:34:41', '2022-05-07 13:34:41'),
	(352, '1', 10, 81, 1, 'Magnam numquam quis nostrum nam ab vel. Similique vitae nulla ad. Quia quia velit tempora autem. Fuga repellat inventore rerum ex. Quis velit voluptas quos iste laborum. Enim quis dolore odio. Voluptas rerum ut numquam suscipit adipisci.', '2022-05-07 13:34:41', '2022-05-07 13:34:41'),
	(353, '1', 3, 81, 1, 'Magnam numquam quis nostrum nam ab vel. Similique vitae nulla ad. Quia quia velit tempora autem. Fuga repellat inventore rerum ex. Quis velit voluptas quos iste laborum. Enim quis dolore odio. Voluptas rerum ut numquam suscipit adipisci.', '2022-05-07 13:34:41', '2022-05-07 13:34:41'),
	(354, '1', 10, 81, 1, 'Magnam numquam quis nostrum nam ab vel. Similique vitae nulla ad. Quia quia velit tempora autem. Fuga repellat inventore rerum ex. Quis velit voluptas quos iste laborum. Enim quis dolore odio. Voluptas rerum ut numquam suscipit adipisci.', '2022-05-07 13:34:41', '2022-05-07 13:34:41'),
	(355, '1', 3, 81, 1, 'Magnam numquam quis nostrum nam ab vel. Similique vitae nulla ad. Quia quia velit tempora autem. Fuga repellat inventore rerum ex. Quis velit voluptas quos iste laborum. Enim quis dolore odio. Voluptas rerum ut numquam suscipit adipisci.', '2022-05-07 13:34:41', '2022-05-07 13:34:41'),
	(356, '1', 6, 82, 1, 'Sequi labore placeat iure ea quaerat. Nisi quas enim aspernatur consequatur nesciunt porro et. Dolores deleniti aperiam sed.', '2022-05-07 13:34:41', '2022-05-07 13:34:41'),
	(357, '1', 8, 82, 1, 'Sequi labore placeat iure ea quaerat. Nisi quas enim aspernatur consequatur nesciunt porro et. Dolores deleniti aperiam sed.', '2022-05-07 13:34:41', '2022-05-07 13:34:41'),
	(358, '1', 6, 82, 1, 'Sequi labore placeat iure ea quaerat. Nisi quas enim aspernatur consequatur nesciunt porro et. Dolores deleniti aperiam sed.', '2022-05-07 13:34:41', '2022-05-07 13:34:41'),
	(359, '1', 1, 82, 1, 'Sequi labore placeat iure ea quaerat. Nisi quas enim aspernatur consequatur nesciunt porro et. Dolores deleniti aperiam sed.', '2022-05-07 13:34:41', '2022-05-07 13:34:41'),
	(360, '1', 11, 82, 1, 'Sequi labore placeat iure ea quaerat. Nisi quas enim aspernatur consequatur nesciunt porro et. Dolores deleniti aperiam sed.', '2022-05-07 13:34:41', '2022-05-07 13:34:41'),
	(361, '1', 6, 83, 1, 'Nostrum facilis voluptatum odit velit. Ut nisi consequatur ut facilis. Sapiente accusamus voluptatem a atque. Non eos expedita quia tempora nobis voluptatem qui.', '2022-05-07 13:34:41', '2022-05-07 13:34:41'),
	(362, '1', 5, 83, 1, 'Nostrum facilis voluptatum odit velit. Ut nisi consequatur ut facilis. Sapiente accusamus voluptatem a atque. Non eos expedita quia tempora nobis voluptatem qui.', '2022-05-07 13:34:41', '2022-05-07 13:34:41'),
	(363, '1', 1, 83, 1, 'Nostrum facilis voluptatum odit velit. Ut nisi consequatur ut facilis. Sapiente accusamus voluptatem a atque. Non eos expedita quia tempora nobis voluptatem qui.', '2022-05-07 13:34:41', '2022-05-07 13:34:41'),
	(364, '1', 1, 83, 1, 'Nostrum facilis voluptatum odit velit. Ut nisi consequatur ut facilis. Sapiente accusamus voluptatem a atque. Non eos expedita quia tempora nobis voluptatem qui.', '2022-05-07 13:34:41', '2022-05-07 13:34:41'),
	(365, '1', 4, 83, 1, 'Nostrum facilis voluptatum odit velit. Ut nisi consequatur ut facilis. Sapiente accusamus voluptatem a atque. Non eos expedita quia tempora nobis voluptatem qui.', '2022-05-07 13:34:41', '2022-05-07 13:34:41'),
	(366, '1', 2, 84, 1, 'Minus sed provident consequatur. Voluptatem at unde tempore reiciendis. Ex ipsa deleniti ut cupiditate. Et non omnis unde quis id quia quia. Dolorum autem ipsa culpa excepturi quod velit rerum. Quibusdam voluptatem et iure sunt natus et vero. Temporibus repellat dolorum voluptatem mollitia sit.', '2022-05-07 13:34:41', '2022-05-07 13:34:41'),
	(367, '1', 3, 84, 1, 'Minus sed provident consequatur. Voluptatem at unde tempore reiciendis. Ex ipsa deleniti ut cupiditate. Et non omnis unde quis id quia quia. Dolorum autem ipsa culpa excepturi quod velit rerum. Quibusdam voluptatem et iure sunt natus et vero. Temporibus repellat dolorum voluptatem mollitia sit.', '2022-05-07 13:34:41', '2022-05-07 13:34:41'),
	(368, '1', 9, 84, 1, 'Minus sed provident consequatur. Voluptatem at unde tempore reiciendis. Ex ipsa deleniti ut cupiditate. Et non omnis unde quis id quia quia. Dolorum autem ipsa culpa excepturi quod velit rerum. Quibusdam voluptatem et iure sunt natus et vero. Temporibus repellat dolorum voluptatem mollitia sit.', '2022-05-07 13:34:41', '2022-05-07 13:34:41'),
	(369, '1', 9, 84, 1, 'Minus sed provident consequatur. Voluptatem at unde tempore reiciendis. Ex ipsa deleniti ut cupiditate. Et non omnis unde quis id quia quia. Dolorum autem ipsa culpa excepturi quod velit rerum. Quibusdam voluptatem et iure sunt natus et vero. Temporibus repellat dolorum voluptatem mollitia sit.', '2022-05-07 13:34:41', '2022-05-07 13:34:41'),
	(370, '1', 4, 84, 1, 'Minus sed provident consequatur. Voluptatem at unde tempore reiciendis. Ex ipsa deleniti ut cupiditate. Et non omnis unde quis id quia quia. Dolorum autem ipsa culpa excepturi quod velit rerum. Quibusdam voluptatem et iure sunt natus et vero. Temporibus repellat dolorum voluptatem mollitia sit.', '2022-05-07 13:34:41', '2022-05-07 13:34:41'),
	(371, '1', 9, 85, 1, 'Cumque sapiente aut est amet totam. Labore harum omnis cumque voluptas qui et amet consequatur. Mollitia iste et ratione temporibus omnis ut. Adipisci mollitia dolore in.', '2022-05-07 13:34:41', '2022-05-07 13:34:41'),
	(372, '1', 11, 85, 1, 'Cumque sapiente aut est amet totam. Labore harum omnis cumque voluptas qui et amet consequatur. Mollitia iste et ratione temporibus omnis ut. Adipisci mollitia dolore in.', '2022-05-07 13:34:41', '2022-05-07 13:34:41'),
	(373, '1', 5, 85, 1, 'Cumque sapiente aut est amet totam. Labore harum omnis cumque voluptas qui et amet consequatur. Mollitia iste et ratione temporibus omnis ut. Adipisci mollitia dolore in.', '2022-05-07 13:34:41', '2022-05-07 13:34:41'),
	(374, '1', 7, 85, 1, 'Cumque sapiente aut est amet totam. Labore harum omnis cumque voluptas qui et amet consequatur. Mollitia iste et ratione temporibus omnis ut. Adipisci mollitia dolore in.', '2022-05-07 13:34:41', '2022-05-07 13:34:41'),
	(375, '1', 2, 85, 1, 'Cumque sapiente aut est amet totam. Labore harum omnis cumque voluptas qui et amet consequatur. Mollitia iste et ratione temporibus omnis ut. Adipisci mollitia dolore in.', '2022-05-07 13:34:41', '2022-05-07 13:34:41'),
	(376, '1', 2, 86, 1, 'Repudiandae incidunt reiciendis enim eaque quia. Illo rerum autem explicabo pariatur dolores deserunt sed. Minima dolorum ut autem dolorem.', '2022-05-07 13:34:41', '2022-05-07 13:34:41'),
	(377, '1', 11, 86, 1, 'Repudiandae incidunt reiciendis enim eaque quia. Illo rerum autem explicabo pariatur dolores deserunt sed. Minima dolorum ut autem dolorem.', '2022-05-07 13:34:41', '2022-05-07 13:34:41'),
	(378, '1', 4, 86, 1, 'Repudiandae incidunt reiciendis enim eaque quia. Illo rerum autem explicabo pariatur dolores deserunt sed. Minima dolorum ut autem dolorem.', '2022-05-07 13:34:41', '2022-05-07 13:34:41'),
	(379, '1', 8, 86, 1, 'Repudiandae incidunt reiciendis enim eaque quia. Illo rerum autem explicabo pariatur dolores deserunt sed. Minima dolorum ut autem dolorem.', '2022-05-07 13:34:41', '2022-05-07 13:34:41'),
	(380, '1', 6, 86, 1, 'Repudiandae incidunt reiciendis enim eaque quia. Illo rerum autem explicabo pariatur dolores deserunt sed. Minima dolorum ut autem dolorem.', '2022-05-07 13:34:41', '2022-05-07 13:34:41'),
	(381, '1', 10, 87, 1, 'Sed in non et quia atque aliquam excepturi pariatur. Doloribus omnis consequatur nobis ullam. Quia non exercitationem velit ipsa culpa nihil odio. Voluptatem assumenda quia omnis qui fugiat eaque.', '2022-05-07 13:34:41', '2022-05-07 13:34:41'),
	(382, '1', 10, 87, 1, 'Sed in non et quia atque aliquam excepturi pariatur. Doloribus omnis consequatur nobis ullam. Quia non exercitationem velit ipsa culpa nihil odio. Voluptatem assumenda quia omnis qui fugiat eaque.', '2022-05-07 13:34:41', '2022-05-07 13:34:41'),
	(383, '1', 6, 87, 1, 'Sed in non et quia atque aliquam excepturi pariatur. Doloribus omnis consequatur nobis ullam. Quia non exercitationem velit ipsa culpa nihil odio. Voluptatem assumenda quia omnis qui fugiat eaque.', '2022-05-07 13:34:41', '2022-05-07 13:34:41'),
	(384, '1', 10, 87, 1, 'Sed in non et quia atque aliquam excepturi pariatur. Doloribus omnis consequatur nobis ullam. Quia non exercitationem velit ipsa culpa nihil odio. Voluptatem assumenda quia omnis qui fugiat eaque.', '2022-05-07 13:34:41', '2022-05-07 13:34:41'),
	(385, '1', 6, 87, 1, 'Sed in non et quia atque aliquam excepturi pariatur. Doloribus omnis consequatur nobis ullam. Quia non exercitationem velit ipsa culpa nihil odio. Voluptatem assumenda quia omnis qui fugiat eaque.', '2022-05-07 13:34:41', '2022-05-07 13:34:41'),
	(386, '1', 2, 88, 1, 'Exercitationem harum aut velit quis corporis. Ea dolorem non culpa aliquid libero est.', '2022-05-07 13:34:41', '2022-05-07 13:34:41'),
	(387, '1', 8, 88, 1, 'Exercitationem harum aut velit quis corporis. Ea dolorem non culpa aliquid libero est.', '2022-05-07 13:34:41', '2022-05-07 13:34:41'),
	(388, '1', 7, 88, 1, 'Exercitationem harum aut velit quis corporis. Ea dolorem non culpa aliquid libero est.', '2022-05-07 13:34:41', '2022-05-07 13:34:41'),
	(389, '1', 8, 88, 1, 'Exercitationem harum aut velit quis corporis. Ea dolorem non culpa aliquid libero est.', '2022-05-07 13:34:41', '2022-05-07 13:34:41'),
	(390, '1', 4, 88, 1, 'Exercitationem harum aut velit quis corporis. Ea dolorem non culpa aliquid libero est.', '2022-05-07 13:34:41', '2022-05-07 13:34:41'),
	(391, '1', 11, 89, 1, 'Eaque illo necessitatibus dolorum accusamus. Quo voluptas atque ut non. Consequatur commodi mollitia tenetur quidem. Nisi aut voluptatem non nihil saepe. Inventore aut modi veniam dolorem. Beatae ad ipsam rem sequi sed. Assumenda ex amet unde aliquid.', '2022-05-07 13:34:41', '2022-05-07 13:34:41'),
	(392, '1', 3, 89, 1, 'Eaque illo necessitatibus dolorum accusamus. Quo voluptas atque ut non. Consequatur commodi mollitia tenetur quidem. Nisi aut voluptatem non nihil saepe. Inventore aut modi veniam dolorem. Beatae ad ipsam rem sequi sed. Assumenda ex amet unde aliquid.', '2022-05-07 13:34:41', '2022-05-07 13:34:41'),
	(393, '1', 9, 89, 1, 'Eaque illo necessitatibus dolorum accusamus. Quo voluptas atque ut non. Consequatur commodi mollitia tenetur quidem. Nisi aut voluptatem non nihil saepe. Inventore aut modi veniam dolorem. Beatae ad ipsam rem sequi sed. Assumenda ex amet unde aliquid.', '2022-05-07 13:34:41', '2022-05-07 13:34:41'),
	(394, '1', 1, 89, 1, 'Eaque illo necessitatibus dolorum accusamus. Quo voluptas atque ut non. Consequatur commodi mollitia tenetur quidem. Nisi aut voluptatem non nihil saepe. Inventore aut modi veniam dolorem. Beatae ad ipsam rem sequi sed. Assumenda ex amet unde aliquid.', '2022-05-07 13:34:41', '2022-05-07 13:34:41'),
	(395, '1', 4, 89, 1, 'Eaque illo necessitatibus dolorum accusamus. Quo voluptas atque ut non. Consequatur commodi mollitia tenetur quidem. Nisi aut voluptatem non nihil saepe. Inventore aut modi veniam dolorem. Beatae ad ipsam rem sequi sed. Assumenda ex amet unde aliquid.', '2022-05-07 13:34:41', '2022-05-07 13:34:41'),
	(396, '1', 1, 90, 1, 'Est vitae vel aliquid temporibus possimus. Sint quia ut quia voluptas. Doloremque occaecati ut et molestiae qui ut. Totam ut eos ut quis placeat. Sit cum nisi quis consequuntur.', '2022-05-07 13:34:41', '2022-05-07 13:34:41'),
	(397, '1', 7, 90, 1, 'Est vitae vel aliquid temporibus possimus. Sint quia ut quia voluptas. Doloremque occaecati ut et molestiae qui ut. Totam ut eos ut quis placeat. Sit cum nisi quis consequuntur.', '2022-05-07 13:34:41', '2022-05-07 13:34:41'),
	(398, '1', 4, 90, 1, 'Est vitae vel aliquid temporibus possimus. Sint quia ut quia voluptas. Doloremque occaecati ut et molestiae qui ut. Totam ut eos ut quis placeat. Sit cum nisi quis consequuntur.', '2022-05-07 13:34:41', '2022-05-07 13:34:41'),
	(399, '1', 10, 90, 1, 'Est vitae vel aliquid temporibus possimus. Sint quia ut quia voluptas. Doloremque occaecati ut et molestiae qui ut. Totam ut eos ut quis placeat. Sit cum nisi quis consequuntur.', '2022-05-07 13:34:41', '2022-05-07 13:34:41'),
	(400, '1', 11, 90, 1, 'Est vitae vel aliquid temporibus possimus. Sint quia ut quia voluptas. Doloremque occaecati ut et molestiae qui ut. Totam ut eos ut quis placeat. Sit cum nisi quis consequuntur.', '2022-05-07 13:34:41', '2022-05-07 13:34:41'),
	(401, '1', 9, 91, 1, 'Temporibus ipsam qui repellat. Aliquid dolore quia voluptas. Qui est corporis quo voluptas. Tenetur atque ipsa magnam sint quas laboriosam.', '2022-05-07 13:34:41', '2022-05-07 13:34:41'),
	(402, '1', 5, 91, 1, 'Temporibus ipsam qui repellat. Aliquid dolore quia voluptas. Qui est corporis quo voluptas. Tenetur atque ipsa magnam sint quas laboriosam.', '2022-05-07 13:34:41', '2022-05-07 13:34:41'),
	(403, '1', 2, 91, 1, 'Temporibus ipsam qui repellat. Aliquid dolore quia voluptas. Qui est corporis quo voluptas. Tenetur atque ipsa magnam sint quas laboriosam.', '2022-05-07 13:34:41', '2022-05-07 13:34:41'),
	(404, '1', 8, 91, 1, 'Temporibus ipsam qui repellat. Aliquid dolore quia voluptas. Qui est corporis quo voluptas. Tenetur atque ipsa magnam sint quas laboriosam.', '2022-05-07 13:34:41', '2022-05-07 13:34:41'),
	(405, '1', 7, 91, 1, 'Temporibus ipsam qui repellat. Aliquid dolore quia voluptas. Qui est corporis quo voluptas. Tenetur atque ipsa magnam sint quas laboriosam.', '2022-05-07 13:34:41', '2022-05-07 13:34:41'),
	(406, '1', 7, 92, 1, 'Ex necessitatibus rerum consectetur aut. Quasi repellat vitae quaerat dignissimos iure. Eligendi earum suscipit sit vel tempore id perspiciatis. Qui consequuntur earum iusto laborum. Quas labore aliquid soluta. Vel iste autem magnam et vitae repellendus.', '2022-05-07 13:34:41', '2022-05-07 13:34:41'),
	(407, '1', 11, 92, 1, 'Ex necessitatibus rerum consectetur aut. Quasi repellat vitae quaerat dignissimos iure. Eligendi earum suscipit sit vel tempore id perspiciatis. Qui consequuntur earum iusto laborum. Quas labore aliquid soluta. Vel iste autem magnam et vitae repellendus.', '2022-05-07 13:34:41', '2022-05-07 13:34:41'),
	(408, '1', 1, 92, 1, 'Ex necessitatibus rerum consectetur aut. Quasi repellat vitae quaerat dignissimos iure. Eligendi earum suscipit sit vel tempore id perspiciatis. Qui consequuntur earum iusto laborum. Quas labore aliquid soluta. Vel iste autem magnam et vitae repellendus.', '2022-05-07 13:34:41', '2022-05-07 13:34:41'),
	(409, '1', 11, 92, 1, 'Ex necessitatibus rerum consectetur aut. Quasi repellat vitae quaerat dignissimos iure. Eligendi earum suscipit sit vel tempore id perspiciatis. Qui consequuntur earum iusto laborum. Quas labore aliquid soluta. Vel iste autem magnam et vitae repellendus.', '2022-05-07 13:34:41', '2022-05-07 13:34:41'),
	(410, '1', 7, 92, 1, 'Ex necessitatibus rerum consectetur aut. Quasi repellat vitae quaerat dignissimos iure. Eligendi earum suscipit sit vel tempore id perspiciatis. Qui consequuntur earum iusto laborum. Quas labore aliquid soluta. Vel iste autem magnam et vitae repellendus.', '2022-05-07 13:34:41', '2022-05-07 13:34:41'),
	(411, '1', 4, 93, 1, 'Est non unde occaecati itaque voluptas. Reiciendis et qui adipisci reiciendis odit. Debitis sed soluta ex. Natus sit repellendus possimus molestias quis qui esse.', '2022-05-07 13:34:41', '2022-05-07 13:34:41'),
	(412, '1', 5, 93, 1, 'Est non unde occaecati itaque voluptas. Reiciendis et qui adipisci reiciendis odit. Debitis sed soluta ex. Natus sit repellendus possimus molestias quis qui esse.', '2022-05-07 13:34:41', '2022-05-07 13:34:41'),
	(413, '1', 8, 93, 1, 'Est non unde occaecati itaque voluptas. Reiciendis et qui adipisci reiciendis odit. Debitis sed soluta ex. Natus sit repellendus possimus molestias quis qui esse.', '2022-05-07 13:34:41', '2022-05-07 13:34:41'),
	(414, '1', 4, 93, 1, 'Est non unde occaecati itaque voluptas. Reiciendis et qui adipisci reiciendis odit. Debitis sed soluta ex. Natus sit repellendus possimus molestias quis qui esse.', '2022-05-07 13:34:41', '2022-05-07 13:34:41'),
	(415, '1', 2, 93, 1, 'Est non unde occaecati itaque voluptas. Reiciendis et qui adipisci reiciendis odit. Debitis sed soluta ex. Natus sit repellendus possimus molestias quis qui esse.', '2022-05-07 13:34:41', '2022-05-07 13:34:41'),
	(416, '1', 10, 94, 1, 'Tempore est maxime nesciunt omnis consequuntur rerum itaque. Voluptate sit doloribus eveniet ut quasi mollitia et. Repellat corrupti nesciunt minus corporis minima. Voluptas fugiat nam sunt iusto sequi tempore aliquam. Nisi voluptatem mollitia iste quaerat culpa et eius quidem.', '2022-05-07 13:34:41', '2022-05-07 13:34:41'),
	(417, '1', 6, 94, 1, 'Tempore est maxime nesciunt omnis consequuntur rerum itaque. Voluptate sit doloribus eveniet ut quasi mollitia et. Repellat corrupti nesciunt minus corporis minima. Voluptas fugiat nam sunt iusto sequi tempore aliquam. Nisi voluptatem mollitia iste quaerat culpa et eius quidem.', '2022-05-07 13:34:41', '2022-05-07 13:34:41'),
	(418, '1', 4, 94, 1, 'Tempore est maxime nesciunt omnis consequuntur rerum itaque. Voluptate sit doloribus eveniet ut quasi mollitia et. Repellat corrupti nesciunt minus corporis minima. Voluptas fugiat nam sunt iusto sequi tempore aliquam. Nisi voluptatem mollitia iste quaerat culpa et eius quidem.', '2022-05-07 13:34:41', '2022-05-07 13:34:41'),
	(419, '1', 6, 94, 1, 'Tempore est maxime nesciunt omnis consequuntur rerum itaque. Voluptate sit doloribus eveniet ut quasi mollitia et. Repellat corrupti nesciunt minus corporis minima. Voluptas fugiat nam sunt iusto sequi tempore aliquam. Nisi voluptatem mollitia iste quaerat culpa et eius quidem.', '2022-05-07 13:34:41', '2022-05-07 13:34:41'),
	(420, '1', 10, 94, 1, 'Tempore est maxime nesciunt omnis consequuntur rerum itaque. Voluptate sit doloribus eveniet ut quasi mollitia et. Repellat corrupti nesciunt minus corporis minima. Voluptas fugiat nam sunt iusto sequi tempore aliquam. Nisi voluptatem mollitia iste quaerat culpa et eius quidem.', '2022-05-07 13:34:41', '2022-05-07 13:34:41'),
	(421, '1', 2, 95, 1, 'Culpa nihil non et voluptas et quis rem. Voluptatem quia dolorum in corrupti. Distinctio ea totam dicta quam quaerat. Dolorum quam sed delectus dolorem sunt cupiditate. Natus totam tenetur dolore minima earum. Aut dolores et laboriosam.', '2022-05-07 13:34:41', '2022-05-07 13:34:41'),
	(422, '1', 2, 95, 1, 'Culpa nihil non et voluptas et quis rem. Voluptatem quia dolorum in corrupti. Distinctio ea totam dicta quam quaerat. Dolorum quam sed delectus dolorem sunt cupiditate. Natus totam tenetur dolore minima earum. Aut dolores et laboriosam.', '2022-05-07 13:34:41', '2022-05-07 13:34:41'),
	(423, '1', 10, 95, 1, 'Culpa nihil non et voluptas et quis rem. Voluptatem quia dolorum in corrupti. Distinctio ea totam dicta quam quaerat. Dolorum quam sed delectus dolorem sunt cupiditate. Natus totam tenetur dolore minima earum. Aut dolores et laboriosam.', '2022-05-07 13:34:41', '2022-05-07 13:34:41'),
	(424, '1', 4, 95, 1, 'Culpa nihil non et voluptas et quis rem. Voluptatem quia dolorum in corrupti. Distinctio ea totam dicta quam quaerat. Dolorum quam sed delectus dolorem sunt cupiditate. Natus totam tenetur dolore minima earum. Aut dolores et laboriosam.', '2022-05-07 13:34:41', '2022-05-07 13:34:41'),
	(425, '1', 6, 95, 1, 'Culpa nihil non et voluptas et quis rem. Voluptatem quia dolorum in corrupti. Distinctio ea totam dicta quam quaerat. Dolorum quam sed delectus dolorem sunt cupiditate. Natus totam tenetur dolore minima earum. Aut dolores et laboriosam.', '2022-05-07 13:34:41', '2022-05-07 13:34:41'),
	(426, '1', 1, 96, 1, 'Et sed ipsum provident neque perspiciatis ut. Aspernatur iure dolor cum nemo qui. Sint molestiae libero quis fuga non quia. Sint qui beatae quasi et incidunt.', '2022-05-07 13:34:41', '2022-05-07 13:34:41'),
	(427, '1', 6, 96, 1, 'Et sed ipsum provident neque perspiciatis ut. Aspernatur iure dolor cum nemo qui. Sint molestiae libero quis fuga non quia. Sint qui beatae quasi et incidunt.', '2022-05-07 13:34:41', '2022-05-07 13:34:41'),
	(428, '1', 6, 96, 1, 'Et sed ipsum provident neque perspiciatis ut. Aspernatur iure dolor cum nemo qui. Sint molestiae libero quis fuga non quia. Sint qui beatae quasi et incidunt.', '2022-05-07 13:34:41', '2022-05-07 13:34:41'),
	(429, '1', 6, 96, 1, 'Et sed ipsum provident neque perspiciatis ut. Aspernatur iure dolor cum nemo qui. Sint molestiae libero quis fuga non quia. Sint qui beatae quasi et incidunt.', '2022-05-07 13:34:41', '2022-05-07 13:34:41'),
	(430, '1', 10, 96, 1, 'Et sed ipsum provident neque perspiciatis ut. Aspernatur iure dolor cum nemo qui. Sint molestiae libero quis fuga non quia. Sint qui beatae quasi et incidunt.', '2022-05-07 13:34:41', '2022-05-07 13:34:41'),
	(431, '1', 6, 97, 1, 'Quia repellendus assumenda dolor. Sed esse ex dignissimos qui. Quibusdam minus dignissimos expedita ipsum magni qui iusto quaerat. Nisi et beatae sed cumque vero fugiat ex.', '2022-05-07 13:34:41', '2022-05-07 13:34:41'),
	(432, '1', 6, 97, 1, 'Quia repellendus assumenda dolor. Sed esse ex dignissimos qui. Quibusdam minus dignissimos expedita ipsum magni qui iusto quaerat. Nisi et beatae sed cumque vero fugiat ex.', '2022-05-07 13:34:41', '2022-05-07 13:34:41'),
	(433, '1', 7, 97, 1, 'Quia repellendus assumenda dolor. Sed esse ex dignissimos qui. Quibusdam minus dignissimos expedita ipsum magni qui iusto quaerat. Nisi et beatae sed cumque vero fugiat ex.', '2022-05-07 13:34:41', '2022-05-07 13:34:41'),
	(434, '1', 6, 97, 1, 'Quia repellendus assumenda dolor. Sed esse ex dignissimos qui. Quibusdam minus dignissimos expedita ipsum magni qui iusto quaerat. Nisi et beatae sed cumque vero fugiat ex.', '2022-05-07 13:34:41', '2022-05-07 13:34:41'),
	(435, '1', 2, 97, 1, 'Quia repellendus assumenda dolor. Sed esse ex dignissimos qui. Quibusdam minus dignissimos expedita ipsum magni qui iusto quaerat. Nisi et beatae sed cumque vero fugiat ex.', '2022-05-07 13:34:41', '2022-05-07 13:34:41'),
	(436, '1', 1, 98, 1, 'Architecto deserunt architecto consequatur quod rerum. Consequatur sunt veritatis architecto facilis. Alias ut aut autem quo quae non qui. Voluptatem adipisci illum cupiditate quis.', '2022-05-07 13:34:41', '2022-05-07 13:34:41'),
	(437, '1', 10, 98, 1, 'Architecto deserunt architecto consequatur quod rerum. Consequatur sunt veritatis architecto facilis. Alias ut aut autem quo quae non qui. Voluptatem adipisci illum cupiditate quis.', '2022-05-07 13:34:41', '2022-05-07 13:34:41'),
	(438, '1', 8, 98, 1, 'Architecto deserunt architecto consequatur quod rerum. Consequatur sunt veritatis architecto facilis. Alias ut aut autem quo quae non qui. Voluptatem adipisci illum cupiditate quis.', '2022-05-07 13:34:41', '2022-05-07 13:34:41'),
	(439, '1', 8, 98, 1, 'Architecto deserunt architecto consequatur quod rerum. Consequatur sunt veritatis architecto facilis. Alias ut aut autem quo quae non qui. Voluptatem adipisci illum cupiditate quis.', '2022-05-07 13:34:41', '2022-05-07 13:34:41'),
	(440, '1', 4, 98, 1, 'Architecto deserunt architecto consequatur quod rerum. Consequatur sunt veritatis architecto facilis. Alias ut aut autem quo quae non qui. Voluptatem adipisci illum cupiditate quis.', '2022-05-07 13:34:41', '2022-05-07 13:34:41'),
	(441, '1', 1, 99, 1, 'Quam voluptate ipsam accusantium fuga. A consequuntur tempora sit omnis nostrum facere tempore. In voluptatibus aliquam sed tempora quo dolore dolor maxime. Nam sit sit consequatur est est velit ut. Enim quidem odit neque est omnis unde quas vitae. Harum dolorem aut sint est adipisci.', '2022-05-07 13:34:41', '2022-05-07 13:34:41'),
	(442, '1', 11, 99, 1, 'Quam voluptate ipsam accusantium fuga. A consequuntur tempora sit omnis nostrum facere tempore. In voluptatibus aliquam sed tempora quo dolore dolor maxime. Nam sit sit consequatur est est velit ut. Enim quidem odit neque est omnis unde quas vitae. Harum dolorem aut sint est adipisci.', '2022-05-07 13:34:41', '2022-05-07 13:34:41'),
	(443, '1', 5, 99, 1, 'Quam voluptate ipsam accusantium fuga. A consequuntur tempora sit omnis nostrum facere tempore. In voluptatibus aliquam sed tempora quo dolore dolor maxime. Nam sit sit consequatur est est velit ut. Enim quidem odit neque est omnis unde quas vitae. Harum dolorem aut sint est adipisci.', '2022-05-07 13:34:41', '2022-05-07 13:34:41'),
	(444, '1', 8, 99, 1, 'Quam voluptate ipsam accusantium fuga. A consequuntur tempora sit omnis nostrum facere tempore. In voluptatibus aliquam sed tempora quo dolore dolor maxime. Nam sit sit consequatur est est velit ut. Enim quidem odit neque est omnis unde quas vitae. Harum dolorem aut sint est adipisci.', '2022-05-07 13:34:41', '2022-05-07 13:34:41'),
	(445, '1', 11, 99, 1, 'Quam voluptate ipsam accusantium fuga. A consequuntur tempora sit omnis nostrum facere tempore. In voluptatibus aliquam sed tempora quo dolore dolor maxime. Nam sit sit consequatur est est velit ut. Enim quidem odit neque est omnis unde quas vitae. Harum dolorem aut sint est adipisci.', '2022-05-07 13:34:41', '2022-05-07 13:34:41'),
	(446, '1', 6, 100, 1, 'Laudantium tempore facere aliquam. Voluptatem est autem odio corrupti dolor voluptatem. Deserunt dicta at id qui omnis. Aliquam tempore ut non aut vitae voluptates. Saepe veritatis sint numquam cumque vel quibusdam vitae. Doloribus hic quam consequuntur non dicta.', '2022-05-07 13:34:41', '2022-05-07 13:34:41'),
	(447, '1', 8, 100, 1, 'Laudantium tempore facere aliquam. Voluptatem est autem odio corrupti dolor voluptatem. Deserunt dicta at id qui omnis. Aliquam tempore ut non aut vitae voluptates. Saepe veritatis sint numquam cumque vel quibusdam vitae. Doloribus hic quam consequuntur non dicta.', '2022-05-07 13:34:41', '2022-05-07 13:34:41'),
	(448, '1', 1, 100, 1, 'Laudantium tempore facere aliquam. Voluptatem est autem odio corrupti dolor voluptatem. Deserunt dicta at id qui omnis. Aliquam tempore ut non aut vitae voluptates. Saepe veritatis sint numquam cumque vel quibusdam vitae. Doloribus hic quam consequuntur non dicta.', '2022-05-07 13:34:41', '2022-05-07 13:34:41'),
	(449, '1', 2, 100, 1, 'Laudantium tempore facere aliquam. Voluptatem est autem odio corrupti dolor voluptatem. Deserunt dicta at id qui omnis. Aliquam tempore ut non aut vitae voluptates. Saepe veritatis sint numquam cumque vel quibusdam vitae. Doloribus hic quam consequuntur non dicta.', '2022-05-07 13:34:41', '2022-05-07 13:34:41'),
	(450, '1', 1, 100, 1, 'Laudantium tempore facere aliquam. Voluptatem est autem odio corrupti dolor voluptatem. Deserunt dicta at id qui omnis. Aliquam tempore ut non aut vitae voluptates. Saepe veritatis sint numquam cumque vel quibusdam vitae. Doloribus hic quam consequuntur non dicta.', '2022-05-07 13:34:41', '2022-05-07 13:34:41'),
	(451, '1', 4, 101, 1, 'Corrupti consequatur ut soluta sit itaque officia adipisci similique. Iure ut velit impedit laborum itaque facere eos. Sit quidem non accusamus cum eligendi est. Nihil perspiciatis placeat aspernatur sit.', '2022-05-07 13:34:41', '2022-05-07 13:34:41'),
	(452, '1', 10, 101, 1, 'Corrupti consequatur ut soluta sit itaque officia adipisci similique. Iure ut velit impedit laborum itaque facere eos. Sit quidem non accusamus cum eligendi est. Nihil perspiciatis placeat aspernatur sit.', '2022-05-07 13:34:41', '2022-05-07 13:34:41'),
	(453, '1', 4, 101, 1, 'Corrupti consequatur ut soluta sit itaque officia adipisci similique. Iure ut velit impedit laborum itaque facere eos. Sit quidem non accusamus cum eligendi est. Nihil perspiciatis placeat aspernatur sit.', '2022-05-07 13:34:41', '2022-05-07 13:34:41'),
	(454, '1', 10, 101, 1, 'Corrupti consequatur ut soluta sit itaque officia adipisci similique. Iure ut velit impedit laborum itaque facere eos. Sit quidem non accusamus cum eligendi est. Nihil perspiciatis placeat aspernatur sit.', '2022-05-07 13:34:41', '2022-05-07 13:34:41'),
	(455, '1', 8, 101, 1, 'Corrupti consequatur ut soluta sit itaque officia adipisci similique. Iure ut velit impedit laborum itaque facere eos. Sit quidem non accusamus cum eligendi est. Nihil perspiciatis placeat aspernatur sit.', '2022-05-07 13:34:41', '2022-05-07 13:34:41'),
	(456, '1', 3, 102, 1, 'Soluta quam ut ad. Qui libero ut fuga iusto eum sunt nam. Totam doloremque ut minima et alias aspernatur modi. Est cumque temporibus ea. Repudiandae quaerat repellat minima pariatur sint et ex. Occaecati fuga accusamus optio ut. Saepe commodi laborum ut placeat et consequatur.', '2022-05-07 13:34:41', '2022-05-07 13:34:41'),
	(457, '1', 3, 102, 1, 'Soluta quam ut ad. Qui libero ut fuga iusto eum sunt nam. Totam doloremque ut minima et alias aspernatur modi. Est cumque temporibus ea. Repudiandae quaerat repellat minima pariatur sint et ex. Occaecati fuga accusamus optio ut. Saepe commodi laborum ut placeat et consequatur.', '2022-05-07 13:34:41', '2022-05-07 13:34:41'),
	(458, '1', 3, 102, 1, 'Soluta quam ut ad. Qui libero ut fuga iusto eum sunt nam. Totam doloremque ut minima et alias aspernatur modi. Est cumque temporibus ea. Repudiandae quaerat repellat minima pariatur sint et ex. Occaecati fuga accusamus optio ut. Saepe commodi laborum ut placeat et consequatur.', '2022-05-07 13:34:41', '2022-05-07 13:34:41'),
	(459, '1', 1, 102, 1, 'Soluta quam ut ad. Qui libero ut fuga iusto eum sunt nam. Totam doloremque ut minima et alias aspernatur modi. Est cumque temporibus ea. Repudiandae quaerat repellat minima pariatur sint et ex. Occaecati fuga accusamus optio ut. Saepe commodi laborum ut placeat et consequatur.', '2022-05-07 13:34:41', '2022-05-07 13:34:41'),
	(460, '1', 3, 102, 1, 'Soluta quam ut ad. Qui libero ut fuga iusto eum sunt nam. Totam doloremque ut minima et alias aspernatur modi. Est cumque temporibus ea. Repudiandae quaerat repellat minima pariatur sint et ex. Occaecati fuga accusamus optio ut. Saepe commodi laborum ut placeat et consequatur.', '2022-05-07 13:34:41', '2022-05-07 13:34:41'),
	(461, '1', 9, 103, 1, 'Est ipsum pariatur sunt qui. Quia at est eius fugiat error hic saepe. Dolores nihil vel nihil voluptate ut vero. Ipsam iste omnis voluptatum laudantium magnam non. Rerum aut alias perferendis eligendi tempore et sit at. Assumenda voluptatem voluptates harum exercitationem corporis.', '2022-05-07 13:34:41', '2022-05-07 13:34:41'),
	(462, '1', 9, 103, 1, 'Est ipsum pariatur sunt qui. Quia at est eius fugiat error hic saepe. Dolores nihil vel nihil voluptate ut vero. Ipsam iste omnis voluptatum laudantium magnam non. Rerum aut alias perferendis eligendi tempore et sit at. Assumenda voluptatem voluptates harum exercitationem corporis.', '2022-05-07 13:34:41', '2022-05-07 13:34:41'),
	(463, '1', 6, 103, 1, 'Est ipsum pariatur sunt qui. Quia at est eius fugiat error hic saepe. Dolores nihil vel nihil voluptate ut vero. Ipsam iste omnis voluptatum laudantium magnam non. Rerum aut alias perferendis eligendi tempore et sit at. Assumenda voluptatem voluptates harum exercitationem corporis.', '2022-05-07 13:34:41', '2022-05-07 13:34:41'),
	(464, '1', 1, 103, 1, 'Est ipsum pariatur sunt qui. Quia at est eius fugiat error hic saepe. Dolores nihil vel nihil voluptate ut vero. Ipsam iste omnis voluptatum laudantium magnam non. Rerum aut alias perferendis eligendi tempore et sit at. Assumenda voluptatem voluptates harum exercitationem corporis.', '2022-05-07 13:34:41', '2022-05-07 13:34:41'),
	(465, '1', 1, 103, 1, 'Est ipsum pariatur sunt qui. Quia at est eius fugiat error hic saepe. Dolores nihil vel nihil voluptate ut vero. Ipsam iste omnis voluptatum laudantium magnam non. Rerum aut alias perferendis eligendi tempore et sit at. Assumenda voluptatem voluptates harum exercitationem corporis.', '2022-05-07 13:34:41', '2022-05-07 13:34:41'),
	(466, '1', 4, 104, 1, 'Dolores quis quia ut officiis eum temporibus. Cupiditate et corporis beatae nam recusandae. Nisi perferendis fugiat architecto laudantium delectus id. Tempore vel vitae cum est. Ipsam repudiandae quis assumenda. Veniam incidunt rerum nobis velit aut debitis sed. Et dolor minima officiis sed.', '2022-05-07 13:34:41', '2022-05-07 13:34:41'),
	(467, '1', 2, 104, 1, 'Dolores quis quia ut officiis eum temporibus. Cupiditate et corporis beatae nam recusandae. Nisi perferendis fugiat architecto laudantium delectus id. Tempore vel vitae cum est. Ipsam repudiandae quis assumenda. Veniam incidunt rerum nobis velit aut debitis sed. Et dolor minima officiis sed.', '2022-05-07 13:34:41', '2022-05-07 13:34:41'),
	(468, '1', 6, 104, 1, 'Dolores quis quia ut officiis eum temporibus. Cupiditate et corporis beatae nam recusandae. Nisi perferendis fugiat architecto laudantium delectus id. Tempore vel vitae cum est. Ipsam repudiandae quis assumenda. Veniam incidunt rerum nobis velit aut debitis sed. Et dolor minima officiis sed.', '2022-05-07 13:34:41', '2022-05-07 13:34:41'),
	(469, '1', 9, 104, 1, 'Dolores quis quia ut officiis eum temporibus. Cupiditate et corporis beatae nam recusandae. Nisi perferendis fugiat architecto laudantium delectus id. Tempore vel vitae cum est. Ipsam repudiandae quis assumenda. Veniam incidunt rerum nobis velit aut debitis sed. Et dolor minima officiis sed.', '2022-05-07 13:34:41', '2022-05-07 13:34:41'),
	(470, '1', 1, 104, 1, 'Dolores quis quia ut officiis eum temporibus. Cupiditate et corporis beatae nam recusandae. Nisi perferendis fugiat architecto laudantium delectus id. Tempore vel vitae cum est. Ipsam repudiandae quis assumenda. Veniam incidunt rerum nobis velit aut debitis sed. Et dolor minima officiis sed.', '2022-05-07 13:34:41', '2022-05-07 13:34:41'),
	(471, '1', 1, 105, 1, 'Et omnis et architecto numquam neque. Odio sunt possimus facilis fugit eos. Minima omnis omnis officiis perferendis ea. Quia sunt itaque eius est. Fugiat et itaque tempore unde similique nesciunt aspernatur. Quos non corporis quisquam et id. Suscipit natus harum voluptatum voluptatem.', '2022-05-07 13:34:41', '2022-05-07 13:34:41'),
	(472, '1', 4, 105, 1, 'Et omnis et architecto numquam neque. Odio sunt possimus facilis fugit eos. Minima omnis omnis officiis perferendis ea. Quia sunt itaque eius est. Fugiat et itaque tempore unde similique nesciunt aspernatur. Quos non corporis quisquam et id. Suscipit natus harum voluptatum voluptatem.', '2022-05-07 13:34:41', '2022-05-07 13:34:41'),
	(473, '1', 5, 105, 1, 'Et omnis et architecto numquam neque. Odio sunt possimus facilis fugit eos. Minima omnis omnis officiis perferendis ea. Quia sunt itaque eius est. Fugiat et itaque tempore unde similique nesciunt aspernatur. Quos non corporis quisquam et id. Suscipit natus harum voluptatum voluptatem.', '2022-05-07 13:34:41', '2022-05-07 13:34:41'),
	(474, '1', 10, 105, 1, 'Et omnis et architecto numquam neque. Odio sunt possimus facilis fugit eos. Minima omnis omnis officiis perferendis ea. Quia sunt itaque eius est. Fugiat et itaque tempore unde similique nesciunt aspernatur. Quos non corporis quisquam et id. Suscipit natus harum voluptatum voluptatem.', '2022-05-07 13:34:41', '2022-05-07 13:34:41'),
	(475, '1', 6, 105, 1, 'Et omnis et architecto numquam neque. Odio sunt possimus facilis fugit eos. Minima omnis omnis officiis perferendis ea. Quia sunt itaque eius est. Fugiat et itaque tempore unde similique nesciunt aspernatur. Quos non corporis quisquam et id. Suscipit natus harum voluptatum voluptatem.', '2022-05-07 13:34:41', '2022-05-07 13:34:41'),
	(476, '1', 2, 106, 1, 'Perferendis aut officiis est voluptatem sunt fuga accusamus. Et delectus enim quia dolorum fugit. Dolorem velit provident autem perferendis aut esse. Eum reiciendis accusantium minus facere est sit.', '2022-05-07 13:34:41', '2022-05-07 13:34:41'),
	(477, '1', 7, 106, 1, 'Perferendis aut officiis est voluptatem sunt fuga accusamus. Et delectus enim quia dolorum fugit. Dolorem velit provident autem perferendis aut esse. Eum reiciendis accusantium minus facere est sit.', '2022-05-07 13:34:41', '2022-05-07 13:34:41'),
	(478, '1', 3, 106, 1, 'Perferendis aut officiis est voluptatem sunt fuga accusamus. Et delectus enim quia dolorum fugit. Dolorem velit provident autem perferendis aut esse. Eum reiciendis accusantium minus facere est sit.', '2022-05-07 13:34:41', '2022-05-07 13:34:41'),
	(479, '1', 1, 106, 1, 'Perferendis aut officiis est voluptatem sunt fuga accusamus. Et delectus enim quia dolorum fugit. Dolorem velit provident autem perferendis aut esse. Eum reiciendis accusantium minus facere est sit.', '2022-05-07 13:34:41', '2022-05-07 13:34:41'),
	(480, '1', 9, 106, 1, 'Perferendis aut officiis est voluptatem sunt fuga accusamus. Et delectus enim quia dolorum fugit. Dolorem velit provident autem perferendis aut esse. Eum reiciendis accusantium minus facere est sit.', '2022-05-07 13:34:41', '2022-05-07 13:34:41'),
	(481, '1', 11, 107, 1, 'Repellendus aspernatur velit est suscipit ducimus qui iusto. Optio eos sint fugit atque enim consequuntur voluptatem tenetur. Soluta qui velit iusto voluptas. Delectus eum libero aut aperiam.', '2022-05-07 13:34:41', '2022-05-07 13:34:41'),
	(482, '1', 10, 107, 1, 'Repellendus aspernatur velit est suscipit ducimus qui iusto. Optio eos sint fugit atque enim consequuntur voluptatem tenetur. Soluta qui velit iusto voluptas. Delectus eum libero aut aperiam.', '2022-05-07 13:34:41', '2022-05-07 13:34:41'),
	(483, '1', 6, 107, 1, 'Repellendus aspernatur velit est suscipit ducimus qui iusto. Optio eos sint fugit atque enim consequuntur voluptatem tenetur. Soluta qui velit iusto voluptas. Delectus eum libero aut aperiam.', '2022-05-07 13:34:41', '2022-05-07 13:34:41'),
	(484, '1', 2, 107, 1, 'Repellendus aspernatur velit est suscipit ducimus qui iusto. Optio eos sint fugit atque enim consequuntur voluptatem tenetur. Soluta qui velit iusto voluptas. Delectus eum libero aut aperiam.', '2022-05-07 13:34:41', '2022-05-07 13:34:41'),
	(485, '1', 11, 107, 1, 'Repellendus aspernatur velit est suscipit ducimus qui iusto. Optio eos sint fugit atque enim consequuntur voluptatem tenetur. Soluta qui velit iusto voluptas. Delectus eum libero aut aperiam.', '2022-05-07 13:34:41', '2022-05-07 13:34:41'),
	(486, '1', 9, 108, 1, 'Eveniet aliquam saepe iste ipsam dolorum. Laudantium non doloremque veniam autem rerum. Libero est sint ut dolorem et qui. Voluptas rerum consequatur voluptate non dolorem numquam et. Enim nobis fuga expedita pariatur velit harum. Iure ipsa quis temporibus consequuntur voluptatum recusandae.', '2022-05-07 13:34:41', '2022-05-07 13:34:41'),
	(487, '1', 10, 108, 1, 'Eveniet aliquam saepe iste ipsam dolorum. Laudantium non doloremque veniam autem rerum. Libero est sint ut dolorem et qui. Voluptas rerum consequatur voluptate non dolorem numquam et. Enim nobis fuga expedita pariatur velit harum. Iure ipsa quis temporibus consequuntur voluptatum recusandae.', '2022-05-07 13:34:41', '2022-05-07 13:34:41'),
	(488, '1', 11, 108, 1, 'Eveniet aliquam saepe iste ipsam dolorum. Laudantium non doloremque veniam autem rerum. Libero est sint ut dolorem et qui. Voluptas rerum consequatur voluptate non dolorem numquam et. Enim nobis fuga expedita pariatur velit harum. Iure ipsa quis temporibus consequuntur voluptatum recusandae.', '2022-05-07 13:34:41', '2022-05-07 13:34:41'),
	(489, '1', 2, 108, 1, 'Eveniet aliquam saepe iste ipsam dolorum. Laudantium non doloremque veniam autem rerum. Libero est sint ut dolorem et qui. Voluptas rerum consequatur voluptate non dolorem numquam et. Enim nobis fuga expedita pariatur velit harum. Iure ipsa quis temporibus consequuntur voluptatum recusandae.', '2022-05-07 13:34:41', '2022-05-07 13:34:41'),
	(490, '1', 7, 108, 1, 'Eveniet aliquam saepe iste ipsam dolorum. Laudantium non doloremque veniam autem rerum. Libero est sint ut dolorem et qui. Voluptas rerum consequatur voluptate non dolorem numquam et. Enim nobis fuga expedita pariatur velit harum. Iure ipsa quis temporibus consequuntur voluptatum recusandae.', '2022-05-07 13:34:41', '2022-05-07 13:34:41'),
	(491, '1', 2, 109, 1, 'Deserunt mollitia temporibus fugiat praesentium voluptas inventore eius adipisci. Ut adipisci deserunt aut aut ullam veniam. Nostrum iure impedit aut beatae dolorem libero. Odio dolor atque incidunt quae quo repellendus commodi placeat.', '2022-05-07 13:34:41', '2022-05-07 13:34:41'),
	(492, '1', 11, 109, 1, 'Deserunt mollitia temporibus fugiat praesentium voluptas inventore eius adipisci. Ut adipisci deserunt aut aut ullam veniam. Nostrum iure impedit aut beatae dolorem libero. Odio dolor atque incidunt quae quo repellendus commodi placeat.', '2022-05-07 13:34:41', '2022-05-07 13:34:41'),
	(493, '1', 8, 109, 1, 'Deserunt mollitia temporibus fugiat praesentium voluptas inventore eius adipisci. Ut adipisci deserunt aut aut ullam veniam. Nostrum iure impedit aut beatae dolorem libero. Odio dolor atque incidunt quae quo repellendus commodi placeat.', '2022-05-07 13:34:41', '2022-05-07 13:34:41'),
	(494, '1', 1, 109, 1, 'Deserunt mollitia temporibus fugiat praesentium voluptas inventore eius adipisci. Ut adipisci deserunt aut aut ullam veniam. Nostrum iure impedit aut beatae dolorem libero. Odio dolor atque incidunt quae quo repellendus commodi placeat.', '2022-05-07 13:34:41', '2022-05-07 13:34:41'),
	(495, '1', 9, 109, 1, 'Deserunt mollitia temporibus fugiat praesentium voluptas inventore eius adipisci. Ut adipisci deserunt aut aut ullam veniam. Nostrum iure impedit aut beatae dolorem libero. Odio dolor atque incidunt quae quo repellendus commodi placeat.', '2022-05-07 13:34:41', '2022-05-07 13:34:41'),
	(497, '1', 1, 110, 1, 'Alias numquam iusto ullam saepe. Officia sed sed nihil facilis hic est. Non ratione et sit quae quisquam. Tenetur consequuntur est harum quod omnis. Ea eius aut et et recusandae hic exercitationem accusantium. Laborum aliquid deserunt dolores distinctio.', '2022-05-07 13:34:41', '2022-05-07 13:34:41'),
	(498, '1', 7, 110, 1, 'Alias numquam iusto ullam saepe. Officia sed sed nihil facilis hic est. Non ratione et sit quae quisquam. Tenetur consequuntur est harum quod omnis. Ea eius aut et et recusandae hic exercitationem accusantium. Laborum aliquid deserunt dolores distinctio.', '2022-05-07 13:34:41', '2022-05-07 13:34:41'),
	(499, '1', 4, 110, 1, 'Alias numquam iusto ullam saepe. Officia sed sed nihil facilis hic est. Non ratione et sit quae quisquam. Tenetur consequuntur est harum quod omnis. Ea eius aut et et recusandae hic exercitationem accusantium. Laborum aliquid deserunt dolores distinctio.', '2022-05-07 13:34:41', '2022-05-07 13:34:41'),
	(500, '1', 8, 110, 1, 'Alias numquam iusto ullam saepe. Officia sed sed nihil facilis hic est. Non ratione et sit quae quisquam. Tenetur consequuntur est harum quod omnis. Ea eius aut et et recusandae hic exercitationem accusantium. Laborum aliquid deserunt dolores distinctio.', '2022-05-07 13:34:41', '2022-05-07 13:34:41'),
	(509, '2', 12, 110, NULL, 'caca', '2022-05-07 13:49:30', '2022-05-07 13:49:30'),
	(516, '1', 11, 110, NULL, 'caca 1', '2022-05-08 00:18:29', '2022-05-08 01:56:56'),
	(517, '1', 11, 87, NULL, 'caca 1', '2022-05-08 00:51:50', '2022-05-08 00:51:50'),
	(520, '1', 11, 110, NULL, 'cac 2', '2022-05-08 01:57:06', '2022-05-08 01:57:06'),
	(521, '1', 11, 110, 516, 'me cagas caca 1', '2022-05-08 02:08:16', '2022-05-08 02:08:16'),
	(522, '1', 11, 110, 520, 'me cagas caca 2', '2022-05-08 02:08:30', '2022-05-08 02:08:30'),
	(523, '1', 11, 110, 509, 'me cagas', '2022-05-08 02:09:19', '2022-05-08 02:09:19'),
	(524, '1', 11, 110, 522, 'me cagas caca 2', '2022-05-08 02:18:38', '2022-05-08 02:18:38'),
	(525, '1', 11, 110, 520, 'caca', '2022-05-08 02:18:53', '2022-05-08 02:18:53');
/*!40000 ALTER TABLE `comments` ENABLE KEYS */;

-- Volcando estructura para tabla blog3-9-b.failed_jobs
CREATE TABLE IF NOT EXISTS `failed_jobs` (
  `id` bigint(20) unsigned NOT NULL AUTO_INCREMENT,
  `uuid` varchar(255) COLLATE utf8mb4_unicode_ci NOT NULL,
  `connection` text COLLATE utf8mb4_unicode_ci NOT NULL,
  `queue` text COLLATE utf8mb4_unicode_ci NOT NULL,
  `payload` longtext COLLATE utf8mb4_unicode_ci NOT NULL,
  `exception` longtext COLLATE utf8mb4_unicode_ci NOT NULL,
  `failed_at` timestamp NOT NULL DEFAULT CURRENT_TIMESTAMP,
  PRIMARY KEY (`id`),
  UNIQUE KEY `failed_jobs_uuid_unique` (`uuid`)
) ENGINE=InnoDB DEFAULT CHARSET=utf8mb4 COLLATE=utf8mb4_unicode_ci;

-- Volcando datos para la tabla blog3-9-b.failed_jobs: ~0 rows (aproximadamente)
/*!40000 ALTER TABLE `failed_jobs` DISABLE KEYS */;
/*!40000 ALTER TABLE `failed_jobs` ENABLE KEYS */;

-- Volcando estructura para tabla blog3-9-b.images
CREATE TABLE IF NOT EXISTS `images` (
  `id` bigint(20) unsigned NOT NULL AUTO_INCREMENT,
  `status` enum('1','2') COLLATE utf8mb4_unicode_ci NOT NULL DEFAULT '2',
  `post_id` bigint(20) unsigned NOT NULL,
  `url` varchar(255) COLLATE utf8mb4_unicode_ci DEFAULT NULL,
  `created_at` timestamp NULL DEFAULT NULL,
  `updated_at` timestamp NULL DEFAULT NULL,
  PRIMARY KEY (`id`)
) ENGINE=InnoDB AUTO_INCREMENT=61 DEFAULT CHARSET=utf8mb4 COLLATE=utf8mb4_unicode_ci;

-- Volcando datos para la tabla blog3-9-b.images: ~60 rows (aproximadamente)
/*!40000 ALTER TABLE `images` DISABLE KEYS */;
INSERT INTO `images` (`id`, `status`, `post_id`, `url`, `created_at`, `updated_at`) VALUES
	(1, '1', 1, 'storage/post/609294a01f377.r_d.1951-2661-0.jpeg', '2022-05-07 13:34:03', '2022-05-07 13:34:03'),
	(2, '1', 1, 'storage/post/312f87da3d4be5ddb979cd7b25820799.png', '2022-05-07 13:34:03', '2022-05-07 13:34:03'),
	(3, '1', 1, 'storage/post/312f87da3d4be5ddb979cd7b25820799.png', '2022-05-07 13:34:03', '2022-05-07 13:34:03'),
	(4, '1', 1, 'storage/post/312f87da3d4be5ddb979cd7b25820799.png', '2022-05-07 13:34:03', '2022-05-07 13:34:03'),
	(5, '1', 1, 'storage/post/312f87da3d4be5ddb979cd7b25820799.png', '2022-05-07 13:34:03', '2022-05-07 13:34:03'),
	(6, '1', 1, 'storage/post/609294a01f377.r_d.1951-2661-0.jpeg', '2022-05-07 13:34:04', '2022-05-07 13:34:04'),
	(7, '1', 2, 'storage/post/39ec16637612e13ea9f292527895a885.png', '2022-05-07 13:34:04', '2022-05-07 13:34:04'),
	(8, '1', 2, 'storage/post/39ec16637612e13ea9f292527895a885.png', '2022-05-07 13:34:04', '2022-05-07 13:34:04'),
	(9, '1', 2, 'storage/post/39ec16637612e13ea9f292527895a885.png', '2022-05-07 13:34:04', '2022-05-07 13:34:04'),
	(10, '1', 2, 'storage/post/39ec16637612e13ea9f292527895a885.png', '2022-05-07 13:34:04', '2022-05-07 13:34:04'),
	(11, '1', 3, 'storage/post/a87ad7d5ea1564fdeb39d09cf594fee2.png', '2022-05-07 13:34:06', '2022-05-07 13:34:06'),
	(12, '1', 3, 'storage/post/a87ad7d5ea1564fdeb39d09cf594fee2.png', '2022-05-07 13:34:06', '2022-05-07 13:34:06'),
	(13, '1', 3, 'storage/post/a87ad7d5ea1564fdeb39d09cf594fee2.png', '2022-05-07 13:34:06', '2022-05-07 13:34:06'),
	(14, '1', 3, 'storage/post/a87ad7d5ea1564fdeb39d09cf594fee2.png', '2022-05-07 13:34:06', '2022-05-07 13:34:06'),
	(15, '1', 3, 'storage/post/a87ad7d5ea1564fdeb39d09cf594fee2.png', '2022-05-07 13:34:06', '2022-05-07 13:34:06'),
	(16, '1', 4, 'storage/post/b99abaadfd2bac0777476c87da7be6da.png', '2022-05-07 13:34:07', '2022-05-07 13:34:07'),
	(17, '1', 4, 'storage/post/b99abaadfd2bac0777476c87da7be6da.png', '2022-05-07 13:34:07', '2022-05-07 13:34:07'),
	(18, '1', 4, 'storage/post/b99abaadfd2bac0777476c87da7be6da.png', '2022-05-07 13:34:07', '2022-05-07 13:34:07'),
	(19, '1', 4, 'storage/post/b99abaadfd2bac0777476c87da7be6da.png', '2022-05-07 13:34:07', '2022-05-07 13:34:07'),
	(20, '1', 4, 'storage/post/b99abaadfd2bac0777476c87da7be6da.png', '2022-05-07 13:34:07', '2022-05-07 13:34:07'),
	(21, '1', 5, 'storage/post/741ed73c3491ba036105caabf5de50bf.png', '2022-05-07 13:34:08', '2022-05-07 13:34:08'),
	(22, '1', 5, 'storage/post/741ed73c3491ba036105caabf5de50bf.png', '2022-05-07 13:34:08', '2022-05-07 13:34:08'),
	(23, '1', 5, 'storage/post/741ed73c3491ba036105caabf5de50bf.png', '2022-05-07 13:34:08', '2022-05-07 13:34:08'),
	(24, '1', 5, 'storage/post/741ed73c3491ba036105caabf5de50bf.png', '2022-05-07 13:34:08', '2022-05-07 13:34:08'),
	(25, '1', 5, 'storage/post/741ed73c3491ba036105caabf5de50bf.png', '2022-05-07 13:34:08', '2022-05-07 13:34:08'),
	(26, '1', 6, 'storage/post/68090d7f05a0b8d7ddc404d8b6c00b46.png', '2022-05-07 13:34:09', '2022-05-07 13:34:09'),
	(27, '1', 6, 'storage/post/68090d7f05a0b8d7ddc404d8b6c00b46.png', '2022-05-07 13:34:09', '2022-05-07 13:34:09'),
	(28, '1', 6, 'storage/post/68090d7f05a0b8d7ddc404d8b6c00b46.png', '2022-05-07 13:34:09', '2022-05-07 13:34:09'),
	(29, '1', 6, 'storage/post/68090d7f05a0b8d7ddc404d8b6c00b46.png', '2022-05-07 13:34:09', '2022-05-07 13:34:09'),
	(30, '1', 6, 'storage/post/68090d7f05a0b8d7ddc404d8b6c00b46.png', '2022-05-07 13:34:09', '2022-05-07 13:34:09'),
	(31, '1', 7, 'storage/post/ab1b46dbbbef9295d1403d5fb56f531f.png', '2022-05-07 13:34:11', '2022-05-07 13:34:11'),
	(32, '1', 7, 'storage/post/ab1b46dbbbef9295d1403d5fb56f531f.png', '2022-05-07 13:34:11', '2022-05-07 13:34:11'),
	(33, '1', 7, 'storage/post/ab1b46dbbbef9295d1403d5fb56f531f.png', '2022-05-07 13:34:11', '2022-05-07 13:34:11'),
	(34, '1', 7, 'storage/post/ab1b46dbbbef9295d1403d5fb56f531f.png', '2022-05-07 13:34:11', '2022-05-07 13:34:11'),
	(35, '1', 7, 'storage/post/ab1b46dbbbef9295d1403d5fb56f531f.png', '2022-05-07 13:34:11', '2022-05-07 13:34:11'),
	(36, '1', 8, 'storage/post/e77ca77bcc20330033b1ce9cc41e95e2.png', '2022-05-07 13:34:12', '2022-05-07 13:34:12'),
	(37, '1', 8, 'storage/post/e77ca77bcc20330033b1ce9cc41e95e2.png', '2022-05-07 13:34:12', '2022-05-07 13:34:12'),
	(38, '1', 8, 'storage/post/e77ca77bcc20330033b1ce9cc41e95e2.png', '2022-05-07 13:34:12', '2022-05-07 13:34:12'),
	(39, '1', 8, 'storage/post/e77ca77bcc20330033b1ce9cc41e95e2.png', '2022-05-07 13:34:12', '2022-05-07 13:34:12'),
	(40, '1', 8, 'storage/post/e77ca77bcc20330033b1ce9cc41e95e2.png', '2022-05-07 13:34:12', '2022-05-07 13:34:12'),
	(41, '1', 9, 'storage/post/0508f1b65d0f10f3ee6622cff9844cf3.png', '2022-05-07 13:34:14', '2022-05-07 13:34:14'),
	(42, '1', 9, 'storage/post/0508f1b65d0f10f3ee6622cff9844cf3.png', '2022-05-07 13:34:14', '2022-05-07 13:34:14'),
	(43, '1', 9, 'storage/post/0508f1b65d0f10f3ee6622cff9844cf3.png', '2022-05-07 13:34:14', '2022-05-07 13:34:14'),
	(44, '1', 9, 'storage/post/0508f1b65d0f10f3ee6622cff9844cf3.png', '2022-05-07 13:34:14', '2022-05-07 13:34:14'),
	(45, '1', 9, 'storage/post/0508f1b65d0f10f3ee6622cff9844cf3.png', '2022-05-07 13:34:14', '2022-05-07 13:34:14'),
	(46, '1', 10, 'storage/post/c3f34ac9048e5c3dd9bb04f98cdd18fc.png', '2022-05-07 13:34:15', '2022-05-07 13:34:15'),
	(47, '1', 10, 'storage/post/c3f34ac9048e5c3dd9bb04f98cdd18fc.png', '2022-05-07 13:34:15', '2022-05-07 13:34:15'),
	(48, '1', 10, 'storage/post/c3f34ac9048e5c3dd9bb04f98cdd18fc.png', '2022-05-07 13:34:15', '2022-05-07 13:34:15'),
	(49, '1', 10, 'storage/post/c3f34ac9048e5c3dd9bb04f98cdd18fc.png', '2022-05-07 13:34:15', '2022-05-07 13:34:15'),
	(50, '1', 10, 'storage/post/c3f34ac9048e5c3dd9bb04f98cdd18fc.png', '2022-05-07 13:34:15', '2022-05-07 13:34:15'),
	(51, '2', 110, 'storage/post/609294a01f377.r_d.1951-2661-0.jpeg', '2022-05-07 13:34:44', '2022-05-07 13:34:44'),
	(52, '2', 110, 'storage/post/191125_Taylor_Swift_at_the_2019_American_Music_Awards.png', '2022-05-07 13:34:44', '2022-05-07 13:34:44'),
	(53, '2', 110, 'storage/post/pez-amarillo-redes.jpg', '2022-05-07 13:34:44', '2022-05-07 13:34:44'),
	(54, '2', 87, 'storage/post/1428e1f481d96a817c16510046a4f924.png', '2022-05-07 13:34:44', '2022-05-07 13:34:44'),
	(55, '2', 110, 'storage/post/Peces-de-Agua-Dulce.jpg.webp', '2022-05-07 13:34:44', '2022-05-07 13:34:44'),
	(56, '1', 20, 'storage/post/5f6c13cec81e7b30e03bf3c1f9ba2995.png', '2022-05-07 13:34:44', '2022-05-07 13:34:44'),
	(57, '1', 80, 'storage/post/8fe8f3e6cb9bfda52141aa3a9af964b8.png', '2022-05-07 13:34:44', '2022-05-07 13:34:44'),
	(58, '2', 73, 'storage/post/6a21cb1f6669fa09f95c0ff14425b113.png', '2022-05-07 13:34:44', '2022-05-07 13:34:44'),
	(59, '1', 84, 'storage/post/f87d07aeb07d298c1b6e3f4f4a5f1996.png', '2022-05-07 13:34:44', '2022-05-07 13:34:44'),
	(60, '2', 68, 'storage/post/d9c1bf88cde394f445ffe15d77968d4a.png', '2022-05-07 13:34:44', '2022-05-07 13:34:44');
/*!40000 ALTER TABLE `images` ENABLE KEYS */;

-- Volcando estructura para tabla blog3-9-b.migrations
CREATE TABLE IF NOT EXISTS `migrations` (
  `id` int(10) unsigned NOT NULL AUTO_INCREMENT,
  `migration` varchar(255) COLLATE utf8mb4_unicode_ci NOT NULL,
  `batch` int(11) NOT NULL,
  PRIMARY KEY (`id`)
) ENGINE=InnoDB AUTO_INCREMENT=91 DEFAULT CHARSET=utf8mb4 COLLATE=utf8mb4_unicode_ci;

-- Volcando datos para la tabla blog3-9-b.migrations: ~10 rows (aproximadamente)
/*!40000 ALTER TABLE `migrations` DISABLE KEYS */;
INSERT INTO `migrations` (`id`, `migration`, `batch`) VALUES
	(81, '2014_10_12_100000_create_password_resets_table', 1),
	(82, '2019_08_19_000000_create_failed_jobs_table', 1),
	(83, '2019_12_14_000001_create_personal_access_tokens_table', 1),
	(84, '2022_04_30_000000_create_users_table', 1),
	(85, '2022_04_30_000001_create_categories_table', 1),
	(86, '2022_04_30_000002_create_catas_table', 1),
	(87, '2022_04_30_000004_create_posts_table', 1),
	(88, '2022_04_30_000005_create_comments_table', 1),
	(89, '2022_04_30_183359_create_cata_category_table', 1),
	(90, '2022_05_02_212542_create_images_table', 1);
/*!40000 ALTER TABLE `migrations` ENABLE KEYS */;

-- Volcando estructura para tabla blog3-9-b.password_resets
CREATE TABLE IF NOT EXISTS `password_resets` (
  `email` varchar(255) COLLATE utf8mb4_unicode_ci NOT NULL,
  `token` varchar(255) COLLATE utf8mb4_unicode_ci NOT NULL,
  `created_at` timestamp NULL DEFAULT NULL,
  KEY `password_resets_email_index` (`email`)
) ENGINE=InnoDB DEFAULT CHARSET=utf8mb4 COLLATE=utf8mb4_unicode_ci;

-- Volcando datos para la tabla blog3-9-b.password_resets: ~0 rows (aproximadamente)
/*!40000 ALTER TABLE `password_resets` DISABLE KEYS */;
/*!40000 ALTER TABLE `password_resets` ENABLE KEYS */;

-- Volcando estructura para tabla blog3-9-b.personal_access_tokens
CREATE TABLE IF NOT EXISTS `personal_access_tokens` (
  `id` bigint(20) unsigned NOT NULL AUTO_INCREMENT,
  `tokenable_type` varchar(255) COLLATE utf8mb4_unicode_ci NOT NULL,
  `tokenable_id` bigint(20) unsigned NOT NULL,
  `name` varchar(255) COLLATE utf8mb4_unicode_ci NOT NULL,
  `token` varchar(64) COLLATE utf8mb4_unicode_ci NOT NULL,
  `abilities` text COLLATE utf8mb4_unicode_ci,
  `last_used_at` timestamp NULL DEFAULT NULL,
  `created_at` timestamp NULL DEFAULT NULL,
  `updated_at` timestamp NULL DEFAULT NULL,
  PRIMARY KEY (`id`),
  UNIQUE KEY `personal_access_tokens_token_unique` (`token`),
  KEY `personal_access_tokens_tokenable_type_tokenable_id_index` (`tokenable_type`,`tokenable_id`)
) ENGINE=InnoDB DEFAULT CHARSET=utf8mb4 COLLATE=utf8mb4_unicode_ci;

-- Volcando datos para la tabla blog3-9-b.personal_access_tokens: ~0 rows (aproximadamente)
/*!40000 ALTER TABLE `personal_access_tokens` DISABLE KEYS */;
/*!40000 ALTER TABLE `personal_access_tokens` ENABLE KEYS */;

-- Volcando estructura para tabla blog3-9-b.posts
CREATE TABLE IF NOT EXISTS `posts` (
  `id` bigint(20) unsigned NOT NULL AUTO_INCREMENT,
  `status` enum('1','2') COLLATE utf8mb4_unicode_ci NOT NULL DEFAULT '2',
  `user_id` bigint(20) unsigned NOT NULL,
  `title` varchar(60) COLLATE utf8mb4_unicode_ci NOT NULL,
  `slug` varchar(80) COLLATE utf8mb4_unicode_ci NOT NULL,
  `date` varchar(255) COLLATE utf8mb4_unicode_ci NOT NULL,
  `image` varchar(255) COLLATE utf8mb4_unicode_ci NOT NULL,
  `video` varchar(30) COLLATE utf8mb4_unicode_ci DEFAULT NULL,
  `category_id` bigint(20) unsigned NOT NULL,
  `description` varchar(130) COLLATE utf8mb4_unicode_ci DEFAULT NULL,
  `content` longtext COLLATE utf8mb4_unicode_ci NOT NULL,
  `created_at` timestamp NULL DEFAULT NULL,
  `updated_at` timestamp NULL DEFAULT NULL,
  PRIMARY KEY (`id`),
  UNIQUE KEY `posts_title_unique` (`title`),
  KEY `posts_user_id_foreign` (`user_id`),
  CONSTRAINT `posts_user_id_foreign` FOREIGN KEY (`user_id`) REFERENCES `users` (`id`)
) ENGINE=InnoDB AUTO_INCREMENT=111 DEFAULT CHARSET=utf8mb4 COLLATE=utf8mb4_unicode_ci;

-- Volcando datos para la tabla blog3-9-b.posts: ~110 rows (aproximadamente)
/*!40000 ALTER TABLE `posts` DISABLE KEYS */;
INSERT INTO `posts` (`id`, `status`, `user_id`, `title`, `slug`, `date`, `image`, `video`, `category_id`, `description`, `content`, `created_at`, `updated_at`) VALUES
	(1, '1', 7, 'Voluptas magni maiores excepturi aut velit.', 'voluptas-magni-maiores-excepturi-aut-velit-2022-05-07 13:33:59', 'sábado 7 mayo 2022 1:33:59 p. m.', 'storage/post/312f87da3d4be5ddb979cd7b25820799.png', '', 1, 'Molestiae ab fuga delectus. Qui doloribus velit aliquid repellat. Quae ad exercitationem dolor hic tempora nihil libero.', 'Quos molestias ut vero id. In sit exercitationem quae consectetur. Veritatis molestiae repudiandae fugiat qui. Voluptatem sint doloribus molestias quam autem recusandae. Eveniet enim accusantium ut omnis qui. Et nobis aut ut quidem sit eum laboriosam. Et omnis minus est accusantium.', '2022-05-07 13:34:01', '2022-05-07 13:34:01'),
	(2, '1', 6, 'Qui a reiciendis debitis quas architecto voluptatem dolor.', 'qui-a-reiciendis-debitis-quas-architecto-voluptatem-dolor-2022-05-07 13:33:59', 'sábado 7 mayo 2022 1:33:59 p. m.', 'storage/post/39ec16637612e13ea9f292527895a885.png', '', 4, 'Et quaerat qui ut et. Tempore sunt nesciunt consequatur voluptates aut aut. Autem dolores vel ad aut quia voluptas.', 'Vel qui distinctio ad voluptas similique. Distinctio optio labore quisquam distinctio voluptas fugiat veniam. Similique nihil doloribus accusantium autem rerum voluptatem. Officiis dolorem ea quasi. Illum perferendis et magni delectus perferendis aliquam recusandae voluptas.', '2022-05-07 13:34:01', '2022-05-07 13:34:01'),
	(3, '2', 3, 'Reprehenderit et illum molestiae expedita.', 'reprehenderit-et-illum-molestiae-expedita-2022-05-07 13:33:59', 'sábado 7 mayo 2022 1:33:59 p. m.', 'storage/post/a87ad7d5ea1564fdeb39d09cf594fee2.png', '', 6, 'Similique vel dolor omnis perferendis dolorem. Sequi et est reprehenderit dicta mollitia iure.', 'Eum iusto iusto iure cumque. Enim doloremque corporis laudantium. Enim incidunt molestiae labore quas repellendus occaecati nemo. Quis dolores libero molestiae iusto et suscipit qui asperiores. Dolorem qui tempora dolore ullam voluptatem. Voluptas consectetur sunt amet sed et sunt quaerat aliquam.', '2022-05-07 13:34:01', '2022-05-07 13:34:01'),
	(4, '2', 1, 'Perspiciatis aut libero est nesciunt architecto.', 'perspiciatis-aut-libero-est-nesciunt-architecto-2022-05-07 13:34:00', 'sábado 7 mayo 2022 1:34:00 p. m.', 'storage/post/b99abaadfd2bac0777476c87da7be6da.png', '', 9, 'Sunt voluptas provident ut aperiam vero. Molestias molestias ut amet est. Voluptatem mollitia et distinctio repellat sed.', 'Eum nulla nobis nihil alias et. Sed et ut qui et. Aut quia est est neque perspiciatis id consequatur. Possimus voluptas sunt eligendi harum voluptas sit ratione.', '2022-05-07 13:34:01', '2022-05-07 13:34:01'),
	(5, '1', 7, 'Eos quia corporis asperiores expedita quia.', 'eos-quia-corporis-asperiores-expedita-quia-2022-05-07 13:34:00', 'sábado 7 mayo 2022 1:34:00 p. m.', 'storage/post/741ed73c3491ba036105caabf5de50bf.png', '', 10, 'Asperiores qui aperiam aut pariatur eum. Earum voluptas odit et voluptates est aut labore reprehenderit.', 'Perferendis quia eaque ipsum natus et rerum accusamus. Corporis rerum dolor ut repellat ut sit vel. Nam eos provident quisquam pariatur omnis rerum quod. Sint nostrum debitis unde consequatur quam. Qui ea occaecati quod. Qui fugit voluptatem possimus laborum blanditiis est rerum et.', '2022-05-07 13:34:01', '2022-05-07 13:34:01'),
	(6, '2', 11, 'Magni facilis voluptas aut ipsum accusantium.', 'magni-facilis-voluptas-aut-ipsum-accusantium-2022-05-07 13:34:00', 'sábado 7 mayo 2022 1:34:00 p. m.', 'storage/post/68090d7f05a0b8d7ddc404d8b6c00b46.png', '', 7, 'Inventore est similique earum dolorum. Sed aperiam inventore qui porro sunt ea. Rerum similique et adipisci quas.', 'Commodi aut repudiandae nihil est. Reiciendis commodi et nihil odit corporis. Perspiciatis sed quisquam ex eum perspiciatis error quis ut. Ab reprehenderit quae sit nihil. Ipsam qui et cumque eveniet. Accusantium laudantium sit consequatur non dolore. Sunt sunt iste repellat aliquid aliquam.', '2022-05-07 13:34:02', '2022-05-07 13:34:02'),
	(7, '2', 11, 'Velit reprehenderit error aut velit iusto quia ut quia.', 'velit-reprehenderit-error-aut-velit-iusto-quia-ut-quia-2022-05-07 13:34:00', 'sábado 7 mayo 2022 1:34:00 p. m.', 'storage/post/ab1b46dbbbef9295d1403d5fb56f531f.png', '', 7, 'Maxime voluptatem illo minima aut cum odit. Natus velit dicta rerum quibusdam. Quos rerum perferendis tempora sit sit in nihil.', 'Dolor magni numquam modi culpa corrupti non. Quia suscipit libero quae dicta odio consectetur fuga. Cum quo numquam sed natus et id aut. Iure facere beatae eum dicta. Commodi provident id aspernatur necessitatibus architecto quos. Reiciendis adipisci et quia ut temporibus.', '2022-05-07 13:34:02', '2022-05-07 13:34:02'),
	(8, '2', 8, 'Corporis laborum consequatur qui placeat qui commodi.', 'corporis-laborum-consequatur-qui-placeat-qui-commodi-2022-05-07 13:34:01', 'sábado 7 mayo 2022 1:34:01 p. m.', 'storage/post/e77ca77bcc20330033b1ce9cc41e95e2.png', '', 2, 'Pariatur omnis quae deleniti beatae aut fuga blanditiis repellat. Dolores et molestias eos est sit laboriosam qui dolore.', 'Quo molestias et error et sed in. Nisi sit et fugit saepe dolor. Doloribus vel odio incidunt et iste. Qui non consequatur distinctio qui. Qui quam id et accusamus nihil nihil sint. Non dolorem voluptas temporibus aut deleniti eius nam.', '2022-05-07 13:34:02', '2022-05-07 13:34:02'),
	(9, '1', 10, 'Dolorum velit molestiae nihil voluptatem maxime voluptatum.', 'dolorum-velit-molestiae-nihil-voluptatem-maxime-voluptatum-2022-05-07 13:34:01', 'sábado 7 mayo 2022 1:34:01 p. m.', 'storage/post/0508f1b65d0f10f3ee6622cff9844cf3.png', '', 10, 'Dignissimos ut a quia et id et ut. Rerum quam dolores libero id consequatur dolores. Est explicabo beatae et tempora consequatur.', 'Voluptas laborum rerum similique expedita doloribus quia. Enim dignissimos non enim corrupti qui et ut. In est iste doloribus iste. Deserunt animi omnis tempore possimus eum voluptatem.', '2022-05-07 13:34:02', '2022-05-07 13:34:02'),
	(10, '2', 7, 'Optio numquam vel aperiam culpa et doloremque deserunt qui.', 'optio-numquam-vel-aperiam-culpa-et-doloremque-deserunt-qui-2022-05-07 13:34:01', 'sábado 7 mayo 2022 1:34:01 p. m.', 'storage/post/c3f34ac9048e5c3dd9bb04f98cdd18fc.png', '', 6, 'Est quod voluptatibus ut. Tenetur officia dicta quo voluptas. Sit ipsa fugit cum.', 'Quam unde voluptas omnis quia at. Aut sed sit quasi sequi accusamus. Quisquam expedita in voluptas aut eos.', '2022-05-07 13:34:02', '2022-05-07 13:34:02'),
	(11, '1', 8, 'Amet a ab ad quia adipisci quo. Fuga qui expedita a et non.', 'amet-a-ab-ad-quia-adipisci-quo-fuga-qui-expedita-a-et-non-2022-05-07 13:34:15', 'sábado 7 mayo 2022 1:34:15 p. m.', 'storage/post/cb093397bdf109edf98e440584c42463.png', '', 5, 'Quo eos sunt error sed magni facilis. Explicabo illum quo labore eum natus voluptates.', 'Repellendus consequatur eius quibusdam magnam eos. Provident sed quia et et. Velit asperiores dolor impedit sint ullam.', '2022-05-07 13:34:40', '2022-05-07 13:34:40'),
	(12, '1', 7, 'Ullam dolor consequatur iusto est maiores est maxime.', 'ullam-dolor-consequatur-iusto-est-maiores-est-maxime-2022-05-07 13:34:15', 'sábado 7 mayo 2022 1:34:15 p. m.', 'storage/post/340cf200e8303f469b181495a6798a6d.png', '', 1, 'Rem in suscipit nesciunt. Occaecati est rerum non quis quisquam. Earum nam nisi enim qui quasi molestiae.', 'Quae incidunt architecto sapiente et incidunt deleniti voluptates qui. Non sint ullam laudantium reiciendis a est ipsum. Ullam odit neque voluptas quia.', '2022-05-07 13:34:40', '2022-05-07 13:34:40'),
	(13, '1', 10, 'Modi deserunt corrupti occaecati.', 'modi-deserunt-corrupti-occaecati-2022-05-07 13:34:16', 'sábado 7 mayo 2022 1:34:16 p. m.', 'storage/post/f66e35e9589e981dcff953b0b3ee9171.png', '', 7, 'Quis qui eaque rerum. Et ut harum consequatur.', 'At quis saepe eaque omnis cumque et aut neque. Numquam facilis autem optio et. Quam enim et molestiae optio repudiandae nihil tenetur in. Harum soluta nostrum assumenda ducimus quibusdam qui corrupti.', '2022-05-07 13:34:40', '2022-05-07 13:34:40'),
	(14, '2', 1, 'Ad numquam voluptatem sed saepe accusamus.', 'ad-numquam-voluptatem-sed-saepe-accusamus-2022-05-07 13:34:16', 'sábado 7 mayo 2022 1:34:16 p. m.', 'storage/post/1ba82ab8926fdc325f074694591235bc.png', '', 4, 'Dolor ut consectetur aliquam eos. Consequatur dignissimos magnam nemo quo. Beatae ad sunt ipsum quia.', 'Et est aspernatur alias aliquid et placeat. Exercitationem qui sit at minima sunt aspernatur. Architecto eos consequuntur quam est. Labore accusantium id dolor praesentium consequatur sunt fugiat.', '2022-05-07 13:34:40', '2022-05-07 13:34:40'),
	(15, '1', 3, 'Possimus esse dolores animi blanditiis voluptatibus.', 'possimus-esse-dolores-animi-blanditiis-voluptatibus-2022-05-07 13:34:16', 'sábado 7 mayo 2022 1:34:16 p. m.', 'storage/post/04a0de3b3990efadd5fe80ac840cd256.png', '', 5, 'Aut quam ea explicabo provident. Delectus ullam doloremque accusantium voluptatem quaerat sit.', 'Repudiandae rem velit et nisi tempore commodi. Assumenda dolorem sit sapiente velit. Rerum et reprehenderit suscipit cum natus amet vitae quas. Quasi minus nisi maxime error omnis.', '2022-05-07 13:34:40', '2022-05-07 13:34:40'),
	(16, '1', 7, 'Ab a eveniet ipsa inventore asperiores quibusdam.', 'ab-a-eveniet-ipsa-inventore-asperiores-quibusdam-2022-05-07 13:34:16', 'sábado 7 mayo 2022 1:34:16 p. m.', 'storage/post/a2e80c63e6df43dde39566bbabc9c13d.png', '', 4, 'Facere et rerum et adipisci animi et. Rem provident quos accusamus. Similique dignissimos deleniti reiciendis est error.', 'Omnis ut quam nulla nesciunt sit alias quis. Corporis earum sequi exercitationem quam totam vel consectetur. Est esse aliquid sunt error. Et corrupti dignissimos ab corporis.', '2022-05-07 13:34:40', '2022-05-07 13:34:40'),
	(17, '2', 2, 'Quidem assumenda dignissimos qui dolore.', 'quidem-assumenda-dignissimos-qui-dolore-2022-05-07 13:34:17', 'sábado 7 mayo 2022 1:34:17 p. m.', 'storage/post/aa66f7c1df48ffe1e99f8e7c9b72c13d.png', '', 6, 'Rerum dolore ipsum quisquam eos et. Explicabo incidunt eum ab. Error iste distinctio architecto.', 'Minus eum vel quos voluptates veniam voluptatibus ipsum. Facilis eum doloribus voluptatem incidunt officiis corrupti quos. In molestiae consequuntur non nesciunt doloribus ut sit.', '2022-05-07 13:34:40', '2022-05-07 13:34:40'),
	(18, '2', 5, 'Quo consectetur fugit beatae vel incidunt delectus iusto.', 'quo-consectetur-fugit-beatae-vel-incidunt-delectus-iusto-2022-05-07 13:34:17', 'sábado 7 mayo 2022 1:34:17 p. m.', 'storage/post/2c8f28c111503e20939bc91511b65f1c.png', '', 3, 'Nesciunt distinctio odit consequuntur voluptatem ab voluptatem. Et suscipit consequatur quo esse.', 'Iusto quos debitis ut laboriosam. Accusantium ut optio facilis autem impedit omnis eligendi. Blanditiis accusamus ut fugiat nesciunt rerum sed iste. Ut ab quod nobis dolores earum. Rem animi dolor sit nobis quo iusto iusto. Autem natus ad qui et repellat.', '2022-05-07 13:34:40', '2022-05-07 13:34:40'),
	(19, '2', 9, 'Ratione deleniti officia in. Sint atque culpa laboriosam.', 'ratione-deleniti-officia-in-sint-atque-culpa-laboriosam-2022-05-07 13:34:17', 'sábado 7 mayo 2022 1:34:17 p. m.', 'storage/post/d40c5c4a9815e2a414a7105261e3faf2.png', '', 5, 'Sint est nobis excepturi blanditiis. Aut sint praesentium adipisci aliquam aut sint. Vero aut omnis ab aut eius sunt.', 'Distinctio sunt maiores est sint illum. Voluptas magni aliquam consequuntur non dolor. Reprehenderit rerum optio blanditiis ab quaerat ea. Earum numquam nobis doloribus voluptatibus temporibus possimus. Delectus illum cumque ex libero dolorum. Perferendis itaque non expedita.', '2022-05-07 13:34:40', '2022-05-07 13:34:40'),
	(20, '2', 5, 'Et cumque hic illum. Rerum ullam qui fugiat unde magnam.', 'et-cumque-hic-illum-rerum-ullam-qui-fugiat-unde-magnam-2022-05-07 13:34:17', 'sábado 7 mayo 2022 1:34:17 p. m.', 'storage/post/89ecc6c6c278beb46f0982b5a455c169.png', '', 4, 'Non autem ratione eligendi aut blanditiis beatae. Ipsa in est id quasi et. Nisi dolor et sunt labore velit sunt et aut.', 'Ipsum itaque facilis ut eligendi. Dolorem vitae et rerum est. Molestiae fugiat voluptas et vero iusto. Sint voluptates natus porro ipsa quia. Enim rerum molestiae est expedita nesciunt voluptates. Dolorem quis aut pariatur repellendus nulla. Deleniti et necessitatibus laboriosam et id.', '2022-05-07 13:34:40', '2022-05-07 13:34:40'),
	(21, '2', 11, 'Et ut id laboriosam totam ad.', 'et-ut-id-laboriosam-totam-ad-2022-05-07 13:34:18', 'sábado 7 mayo 2022 1:34:18 p. m.', 'storage/post/aec9997126e91bb7001b715fe705a245.png', '', 5, 'Ut architecto odit enim iste. Sit explicabo iusto atque reiciendis. Molestiae adipisci voluptas eum quia.', 'Omnis reiciendis repudiandae et inventore nam omnis. Inventore earum excepturi iure eveniet dolores quis. Dolores voluptatem sed quo iusto eum. Sint hic assumenda blanditiis dolore.', '2022-05-07 13:34:40', '2022-05-07 13:34:40'),
	(22, '1', 6, 'Fugit quibusdam enim voluptas et.', 'fugit-quibusdam-enim-voluptas-et-2022-05-07 13:34:18', 'sábado 7 mayo 2022 1:34:18 p. m.', 'storage/post/f7be647cc33b739c888c87a417c3e078.png', '', 1, 'Cum hic fuga est quia ea vero dolores aut. Sed ut delectus voluptatem quia autem est enim unde. Ducimus maiores voluptas quaerat.', 'Qui enim sed molestias reprehenderit assumenda delectus. Dolor consectetur consequuntur atque ut ut sunt. Sunt ullam omnis quod praesentium magni. Magni voluptatem et ad rerum tenetur id qui. Sequi eum ab sit aperiam quasi in voluptas a.', '2022-05-07 13:34:40', '2022-05-07 13:34:40'),
	(23, '1', 2, 'Et non qui autem ut architecto. Eum enim ea quisquam quas.', 'et-non-qui-autem-ut-architecto-eum-enim-ea-quisquam-quas-2022-05-07 13:34:18', 'sábado 7 mayo 2022 1:34:18 p. m.', 'storage/post/442697e62036efd12ed7254bde8fa0e5.png', '', 1, 'Quia eos aut explicabo. Delectus rem nisi quo sint. Dicta ea voluptas possimus perferendis.', 'Animi laboriosam accusantium et est nisi a. Saepe assumenda placeat accusamus blanditiis. Excepturi quidem eos laboriosam et reiciendis. Molestiae sed qui modi libero ab porro qui. Omnis aliquid eum sint. Nobis et laboriosam et ut dolore aperiam. Omnis vel fugit dolor qui nostrum reiciendis.', '2022-05-07 13:34:40', '2022-05-07 13:34:40'),
	(24, '2', 10, 'Libero neque ea error veritatis vitae qui provident fuga.', 'libero-neque-ea-error-veritatis-vitae-qui-provident-fuga-2022-05-07 13:34:18', 'sábado 7 mayo 2022 1:34:18 p. m.', 'storage/post/493aef8a3bb9566916137adf16b87206.png', '', 3, 'Qui ad quia voluptates animi. Explicabo sint ut officiis vel ipsa tempora. Vel corporis quam illo dolore.', 'Dolorem quia aut velit perferendis et laudantium. Numquam libero ipsum minima et. Incidunt qui et est et aspernatur et explicabo. Aut qui suscipit sunt molestiae. Ut iure optio velit animi sint maxime ratione. Non voluptate vel nihil id nemo aliquid nihil omnis.', '2022-05-07 13:34:40', '2022-05-07 13:34:40'),
	(25, '2', 11, 'Sunt aspernatur voluptates sit consequatur et laborum.', 'sunt-aspernatur-voluptates-sit-consequatur-et-laborum-2022-05-07 13:34:19', 'sábado 7 mayo 2022 1:34:19 p. m.', 'storage/post/59993abbaea010542b8c74de2ada6961.png', '', 1, 'Tempora optio cupiditate eligendi quaerat voluptates. Deserunt sit ut non est id.', 'Aut expedita laboriosam rerum rerum et sed. Accusantium autem culpa dolor autem deserunt id tempore. Vitae eos aut ut tenetur perferendis neque et. Qui natus excepturi deserunt sit. Qui qui blanditiis eum ut.', '2022-05-07 13:34:40', '2022-05-07 13:34:40'),
	(26, '1', 9, 'Ut aut accusantium unde aut quos sit.', 'ut-aut-accusantium-unde-aut-quos-sit-2022-05-07 13:34:19', 'sábado 7 mayo 2022 1:34:19 p. m.', 'storage/post/fc545a98f211ccb235e7e751d85c38f1.png', '', 10, 'Ut itaque et ab omnis. Natus molestiae et necessitatibus alias. Odio reprehenderit omnis labore omnis qui facere.', 'Ut sint sit voluptas optio occaecati iusto accusamus. Tenetur aspernatur nihil enim ut. Ex adipisci dicta ullam rem ratione temporibus. Fuga id aut voluptatem cupiditate eum ducimus similique aut. Blanditiis sit soluta incidunt itaque ullam nam. Voluptates et id voluptatum dolorum alias.', '2022-05-07 13:34:40', '2022-05-07 13:34:40'),
	(27, '1', 9, 'Qui et aut tempore et quidem et eum expedita.', 'qui-et-aut-tempore-et-quidem-et-eum-expedita-2022-05-07 13:34:19', 'sábado 7 mayo 2022 1:34:19 p. m.', 'storage/post/8ed286f651dc322ef097bfc5aea246c7.png', '', 5, 'Consectetur rerum tenetur illum iure fugit. Debitis quia officiis in minima iusto facilis. Quia quia nihil harum nobis et.', 'Cumque molestiae et voluptates illum porro. Illum sint et perferendis qui. Ut molestiae autem ut nihil qui consectetur aliquam asperiores. Aut voluptatem est nobis cum vel ipsa.', '2022-05-07 13:34:40', '2022-05-07 13:34:40'),
	(28, '2', 11, 'Ut et in maiores.', 'ut-et-in-maiores-2022-05-07 13:34:19', 'sábado 7 mayo 2022 1:34:19 p. m.', 'storage/post/32824d01c495863b64f99a43618864b5.png', '', 1, 'Aut eius nisi odio rerum necessitatibus et. Quod est aut quasi rerum. Unde in alias libero cum quas nam perspiciatis.', 'Ut excepturi est ex assumenda distinctio. Doloremque et ut aspernatur debitis. Dolor perspiciatis doloremque dolor ipsum sed repellat. Ipsam minima sint doloremque est voluptas.', '2022-05-07 13:34:40', '2022-05-07 13:34:40'),
	(29, '2', 5, 'Dolore sit ex repudiandae soluta debitis ut.', 'dolore-sit-ex-repudiandae-soluta-debitis-ut-2022-05-07 13:34:20', 'sábado 7 mayo 2022 1:34:20 p. m.', 'storage/post/68fcec2f7ce24d72d46c6274d82defa0.png', '', 1, 'Numquam est placeat illum dolorem ullam ut. Autem similique delectus consequatur fugiat. Modi sequi quis labore quae.', 'Beatae est accusantium nemo molestiae dolores occaecati nihil. Et omnis id ut neque. Sit quo ullam distinctio neque magni distinctio qui.', '2022-05-07 13:34:40', '2022-05-07 13:34:40'),
	(30, '2', 11, 'Sapiente voluptates dolor quia aut ipsam.', 'sapiente-voluptates-dolor-quia-aut-ipsam-2022-05-07 13:34:20', 'sábado 7 mayo 2022 1:34:20 p. m.', 'storage/post/e4eb24e9a85ce5b55b7cfbf8065be035.png', '', 1, 'Ex quas reprehenderit laudantium aperiam in id. Esse asperiores explicabo ad quo temporibus ipsum modi.', 'Ea beatae ipsa voluptate consequatur nisi pariatur. Asperiores nesciunt dolore similique dolores iste mollitia error. Ipsam maxime minus dolores molestiae tempore non.', '2022-05-07 13:34:40', '2022-05-07 13:34:40'),
	(31, '2', 4, 'Nostrum minus at ea architecto quaerat.', 'nostrum-minus-at-ea-architecto-quaerat-2022-05-07 13:34:20', 'sábado 7 mayo 2022 1:34:20 p. m.', 'storage/post/e1aec0f73f3205305819261ddd1b9f00.png', '', 8, 'Recusandae et facilis reiciendis autem minima. Sit tempore eum officiis. Sint labore est eveniet praesentium.', 'Deleniti consequuntur non numquam dignissimos dolorem est id. Aliquid illum quae recusandae voluptas qui. Corporis quia voluptatibus reiciendis tenetur eos. Quos qui neque recusandae dignissimos cum impedit et debitis.', '2022-05-07 13:34:40', '2022-05-07 13:34:40'),
	(32, '2', 11, 'Velit est maiores minus a accusamus labore cumque.', 'velit-est-maiores-minus-a-accusamus-labore-cumque-2022-05-07 13:34:20', 'sábado 7 mayo 2022 1:34:20 p. m.', 'storage/post/234dadbe108be98fedc49640018a506d.png', '', 7, 'Aut facilis vero quibusdam. Minus doloremque inventore sed sed et. Voluptatem tempore sit dolores voluptates laudantium.', 'Rem laudantium voluptas laborum labore. Velit minima odio in asperiores. Necessitatibus accusantium rerum et. Qui vero quis autem sit. Delectus quae harum et quis adipisci est et suscipit. Veniam esse molestiae et est assumenda.', '2022-05-07 13:34:40', '2022-05-07 13:34:40'),
	(33, '1', 8, 'Rerum cum et nesciunt voluptatibus earum et.', 'rerum-cum-et-nesciunt-voluptatibus-earum-et-2022-05-07 13:34:21', 'sábado 7 mayo 2022 1:34:21 p. m.', 'storage/post/7a415be6eda8e81d4385d91b5fd93c61.png', '', 4, 'Nihil corrupti dolorem molestiae nemo hic. Sed pariatur et cupiditate. Ipsum eos repellat quidem placeat et autem ad.', 'Qui consectetur qui velit est vitae quia. Beatae unde nihil neque aperiam. Repellat dolores totam omnis voluptatum. Commodi totam quasi corrupti.', '2022-05-07 13:34:40', '2022-05-07 13:34:40'),
	(34, '1', 10, 'Ipsa voluptas qui corporis omnis perferendis est.', 'ipsa-voluptas-qui-corporis-omnis-perferendis-est-2022-05-07 13:34:21', 'sábado 7 mayo 2022 1:34:21 p. m.', 'storage/post/7b4a81d6b50885a1758b0580d3146a27.png', '', 7, 'Cupiditate alias dolor voluptatem illo sit. Consequatur consequuntur et rem id neque sit. Sed totam illo eveniet nostrum autem.', 'Rerum repellat aliquam enim modi ipsa tenetur sint. Non possimus tempore explicabo qui numquam. Iure modi dicta exercitationem nam excepturi. Maxime asperiores veniam delectus et qui.', '2022-05-07 13:34:40', '2022-05-07 13:34:40'),
	(35, '2', 6, 'Totam excepturi sint est est occaecati.', 'totam-excepturi-sint-est-est-occaecati-2022-05-07 13:34:21', 'sábado 7 mayo 2022 1:34:21 p. m.', 'storage/post/57f578970c494890f946758936caef68.png', '', 3, 'Eveniet aliquam omnis maxime. Quo quia molestiae temporibus inventore aut repellendus dicta.', 'Sit est fuga corporis aut natus unde consectetur non. Quia hic animi sit accusamus. Nisi dolor fuga magni occaecati eligendi libero. Sint vitae error repellat sint voluptas commodi exercitationem. Aut ratione nam officia atque quis. Provident illum doloremque officiis similique reiciendis.', '2022-05-07 13:34:40', '2022-05-07 13:34:40'),
	(36, '1', 11, 'Voluptas molestiae dolor perspiciatis quia.', 'voluptas-molestiae-dolor-perspiciatis-quia-2022-05-07 13:34:21', 'sábado 7 mayo 2022 1:34:21 p. m.', 'storage/post/96e1203125940a0964a84cc59836e8cc.png', '', 5, 'Ex ipsum quasi non beatae. Ipsum amet eius ratione nihil. Iure voluptatibus qui itaque ut.', 'Excepturi soluta dolor iste omnis. Voluptates explicabo provident laudantium fuga explicabo. Nihil aut sequi voluptatem corrupti quam ab qui ex. Explicabo consequatur temporibus sunt hic.', '2022-05-07 13:34:40', '2022-05-07 13:34:40'),
	(37, '2', 8, 'Dolores aliquid et et aliquid velit.', 'dolores-aliquid-et-et-aliquid-velit-2022-05-07 13:34:22', 'sábado 7 mayo 2022 1:34:22 p. m.', 'storage/post/4f4c77c82b27d507c19f1e5e49307bee.png', '', 6, 'Veniam ab voluptatem dolore qui consequuntur ratione. Dolores at consequatur optio illum. Vero excepturi non rerum facere.', 'Beatae ab minus rerum quasi. Nesciunt assumenda ad culpa dolores possimus et. Consectetur assumenda suscipit id qui.', '2022-05-07 13:34:40', '2022-05-07 13:34:40'),
	(38, '2', 6, 'Soluta sit soluta exercitationem qui ipsum.', 'soluta-sit-soluta-exercitationem-qui-ipsum-2022-05-07 13:34:22', 'sábado 7 mayo 2022 1:34:22 p. m.', 'storage/post/ca97a9c6bd054638229aecc05d8dbed5.png', '', 9, 'Odio id corporis est magni. Est harum dolores asperiores pariatur aut. Eveniet cum vel laudantium nisi porro est tenetur.', 'Rerum et molestias qui nostrum perspiciatis temporibus quos velit. Animi explicabo esse blanditiis eligendi asperiores molestias error. Nam molestiae et fuga molestiae modi. Saepe ut pariatur porro. Et alias voluptate aut animi perferendis. Dolore et assumenda atque mollitia.', '2022-05-07 13:34:40', '2022-05-07 13:34:40'),
	(39, '1', 1, 'Vitae libero rem eveniet accusamus iste.', 'vitae-libero-rem-eveniet-accusamus-iste-2022-05-07 13:34:22', 'sábado 7 mayo 2022 1:34:22 p. m.', 'storage/post/e36065633a40f4db84e4ae0398ce994a.png', '', 4, 'Eos neque illum tempore optio. Quaerat laborum et accusantium. Aut non voluptatibus beatae necessitatibus.', 'Adipisci id quae consequatur fugit nihil neque qui nostrum. Repellat totam voluptate blanditiis numquam atque iure officiis sed. Illum sint harum illo nam placeat praesentium.', '2022-05-07 13:34:40', '2022-05-07 13:34:40'),
	(40, '1', 11, 'Blanditiis nihil itaque minima molestias.', 'blanditiis-nihil-itaque-minima-molestias-2022-05-07 13:34:22', 'sábado 7 mayo 2022 1:34:22 p. m.', 'storage/post/a94b44d9ff614b37d87602f9a5a4ca32.png', '', 1, 'Voluptatem reprehenderit et quas laborum quis excepturi. Sed qui qui numquam dignissimos commodi.', 'Odit officiis tenetur ratione qui. Amet sed rem nihil corrupti. Sunt et veritatis neque modi et tempora aliquid. Pariatur in ut expedita inventore. Deleniti atque quae rerum.', '2022-05-07 13:34:40', '2022-05-07 13:34:40'),
	(41, '2', 1, 'Provident fugit facere earum repellendus laboriosam.', 'provident-fugit-facere-earum-repellendus-laboriosam-2022-05-07 13:34:23', 'sábado 7 mayo 2022 1:34:23 p. m.', 'storage/post/5b3827fb1790a768782363c4b7f64f62.png', '', 6, 'Et voluptatum tempora et eveniet. Dolores sed debitis numquam assumenda. Maxime quia officiis harum sed temporibus ea occaecati.', 'Ut in aspernatur rem omnis sit quas. Aliquam velit et molestiae autem quia. Maiores saepe molestias aut.', '2022-05-07 13:34:40', '2022-05-07 13:34:40'),
	(42, '2', 5, 'Quis voluptas est sed eos.', 'quis-voluptas-est-sed-eos-2022-05-07 13:34:23', 'sábado 7 mayo 2022 1:34:23 p. m.', 'storage/post/abf17ac67cb112d26bf54e020b9db44a.png', '', 3, 'Voluptas soluta magnam soluta qui eius iusto. Eos quo a facere. Consequatur quia omnis sint et autem.', 'Adipisci et quia libero. Qui non et magnam nam quas optio minus. Dolores harum assumenda atque. Et ex voluptas ab id. Deserunt similique voluptate officia et voluptas. Quidem nisi nihil voluptas nobis et nihil. Id velit totam a quidem repudiandae ducimus assumenda.', '2022-05-07 13:34:40', '2022-05-07 13:34:40'),
	(43, '2', 5, 'Et nobis rerum eos ab nihil rem.', 'et-nobis-rerum-eos-ab-nihil-rem-2022-05-07 13:34:23', 'sábado 7 mayo 2022 1:34:23 p. m.', 'storage/post/6632f33adca0ee3e4ec990332b7c9dd1.png', '', 3, 'Possimus rerum culpa illo ratione. Neque iure neque ut tempora beatae tempora aut. In quia accusantium provident temporibus.', 'Aperiam voluptatem repudiandae ducimus qui sit sit aut qui. Et fugit ut qui. Distinctio libero velit quos non. Officiis libero dignissimos autem. Autem qui ipsa laborum eligendi eveniet inventore delectus in.', '2022-05-07 13:34:40', '2022-05-07 13:34:40'),
	(44, '2', 10, 'Ea a voluptatem excepturi quis.', 'ea-a-voluptatem-excepturi-quis-2022-05-07 13:34:23', 'sábado 7 mayo 2022 1:34:23 p. m.', 'storage/post/fa870983bf3bac0fd56b54d3ef2df936.png', '', 3, 'Rerum natus eos eligendi ut distinctio qui. Et enim voluptatem et sed. Et autem eos sunt.', 'Dolores voluptas veritatis dolores omnis consectetur fugit et. Repellat dolorum impedit dolorem consectetur et. Ut ipsa sunt eos. Nemo commodi consequatur est nihil tempore ad voluptatem. Minus qui ut dolores et. Mollitia rerum ad eveniet reprehenderit saepe et debitis.', '2022-05-07 13:34:40', '2022-05-07 13:34:40'),
	(45, '1', 8, 'Nam ipsam vitae commodi sequi.', 'nam-ipsam-vitae-commodi-sequi-2022-05-07 13:34:24', 'sábado 7 mayo 2022 1:34:24 p. m.', 'storage/post/f1795cba48077765b17621189cc353de.png', '', 7, 'Neque voluptatum eos perspiciatis. Totam corporis et veniam est. Quis error nesciunt eos qui.', 'Sed quod commodi ut enim nesciunt ad. Magnam adipisci sit quas cupiditate. Iusto molestiae voluptas consequuntur quis. Placeat distinctio iure dolore delectus. Tempore provident voluptatem unde assumenda voluptatem. Rerum voluptatem mollitia labore. Illo eos vero quis laudantium quod.', '2022-05-07 13:34:40', '2022-05-07 13:34:40'),
	(46, '1', 2, 'Nobis est incidunt eum quasi rerum ut pariatur.', 'nobis-est-incidunt-eum-quasi-rerum-ut-pariatur-2022-05-07 13:34:24', 'sábado 7 mayo 2022 1:34:24 p. m.', 'storage/post/f6263607c71fb99dfc495cb854fbe7ba.png', '', 10, 'Et in voluptate natus quibusdam. Molestiae sunt et dolores dolore ducimus quam. Maiores est quae veniam consequatur.', 'Eum et qui ullam aliquam sed doloremque. Iste mollitia labore ea tempore porro et. Tempora qui temporibus eos voluptatem rerum commodi. Dolorem quod non dicta aut reprehenderit doloremque. Accusantium iusto quas dolor porro est. Aut beatae sint qui deserunt minus iste.', '2022-05-07 13:34:40', '2022-05-07 13:34:40'),
	(47, '1', 8, 'Consequatur et consequuntur a ut exercitationem saepe.', 'consequatur-et-consequuntur-a-ut-exercitationem-saepe-2022-05-07 13:34:24', 'sábado 7 mayo 2022 1:34:24 p. m.', 'storage/post/03e410e7dd4a4360eeec5b1b587ddda4.png', '', 1, 'Nulla animi quisquam ducimus est facere hic. Consequatur at quod voluptatum. Enim tempore dicta dicta ad laudantium.', 'Libero rerum qui fuga tenetur modi suscipit ipsa. Incidunt omnis deserunt sunt reprehenderit est molestiae labore. Officiis quisquam sit adipisci amet. Impedit inventore aliquam natus necessitatibus dolores non omnis est.', '2022-05-07 13:34:40', '2022-05-07 13:34:40'),
	(48, '1', 1, 'Dolorum nihil sint culpa.', 'dolorum-nihil-sint-culpa-2022-05-07 13:34:25', 'sábado 7 mayo 2022 1:34:25 p. m.', 'storage/post/6c6305291d10bc4a39f522dd85d5290b.png', '', 9, 'Ut totam est facilis voluptas. Provident ex vel dolor velit voluptas. Consequatur soluta ad totam expedita hic et.', 'Non amet sint nostrum eius eum ratione. Temporibus est et minima voluptates consequatur. Iure culpa excepturi placeat natus debitis. Ipsum sint voluptates recusandae perferendis vero qui architecto. Aut molestias quae sit suscipit ut.', '2022-05-07 13:34:40', '2022-05-07 13:34:40'),
	(49, '2', 3, 'Ut vel in maxime aut quasi nulla rerum.', 'ut-vel-in-maxime-aut-quasi-nulla-rerum-2022-05-07 13:34:25', 'sábado 7 mayo 2022 1:34:25 p. m.', 'storage/post/1ca233999cbb4f601404e23621b0d72d.png', '', 4, 'Aut alias culpa assumenda veritatis nostrum aliquid. Dignissimos molestias alias voluptas quod. Dolore incidunt et ipsa quia.', 'Et aliquam ullam suscipit distinctio aut. Quam quae suscipit atque quas vel in. Illum et facere unde perferendis quos cum rem inventore. Provident quasi quibusdam aut error quidem. Ad quod neque quos non sed eum. Fuga laborum aut quo dolores. Odit dicta et et cum.', '2022-05-07 13:34:40', '2022-05-07 13:34:40'),
	(50, '1', 4, 'Culpa dolorum ratione dolorem sunt reiciendis.', 'culpa-dolorum-ratione-dolorem-sunt-reiciendis-2022-05-07 13:34:25', 'sábado 7 mayo 2022 1:34:25 p. m.', 'storage/post/3dff266a9a55611615f114b6329428df.png', '', 8, 'Est et sint sequi ut vero iure. Quasi commodi corrupti qui provident. Suscipit debitis assumenda rerum saepe.', 'Repellendus commodi non magni dignissimos possimus. Corporis doloremque hic natus ea aliquid. Iusto doloremque neque voluptatem. Quae hic recusandae minus eos veritatis. Est quisquam debitis nostrum rerum ad animi eum.', '2022-05-07 13:34:40', '2022-05-07 13:34:40'),
	(51, '2', 2, 'Vitae dolore porro et molestiae et aperiam at.', 'vitae-dolore-porro-et-molestiae-et-aperiam-at-2022-05-07 13:34:25', 'sábado 7 mayo 2022 1:34:25 p. m.', 'storage/post/c03e0f9179d0863071730da258b4f8bd.png', '', 1, 'Aut optio dignissimos quis aut. In omnis dolorum odit. Aut similique quia voluptas autem libero numquam.', 'Id at eligendi cupiditate id officia unde laudantium. Hic accusantium quis et voluptatum ab laudantium. Vero aliquid alias praesentium aut id quis quasi. Esse et eaque quam eos et odit quia. Officia labore voluptatem sequi id rerum. Veniam maiores alias nihil eos minima est suscipit.', '2022-05-07 13:34:40', '2022-05-07 13:34:40'),
	(52, '2', 1, 'Ut quia rem iste amet possimus deserunt quae.', 'ut-quia-rem-iste-amet-possimus-deserunt-quae-2022-05-07 13:34:25', 'sábado 7 mayo 2022 1:34:25 p. m.', 'storage/post/01e202450de1400732e3606b356d35f0.png', '', 7, 'Beatae quidem ipsum dicta inventore. Aspernatur qui suscipit non molestiae. Impedit dignissimos ipsum iure.', 'Architecto consectetur officia velit dolor culpa voluptatem. Omnis qui nesciunt sed tempore. Est illo quibusdam cumque ut alias.', '2022-05-07 13:34:40', '2022-05-07 13:34:40'),
	(53, '2', 5, 'Doloribus ut ab quidem eum.', 'doloribus-ut-ab-quidem-eum-2022-05-07 13:34:26', 'sábado 7 mayo 2022 1:34:26 p. m.', 'storage/post/cd22bfa6fdfc5badea0e8ef0f253bcc7.png', '', 4, 'Exercitationem veniam ut dolorem tempora quod id. Consectetur quasi atque ab eos. Quisquam eveniet totam occaecati similique.', 'Recusandae enim non expedita aliquid. Vitae id sint mollitia unde qui voluptas nihil. Autem harum praesentium voluptate est. At perferendis vero impedit est sequi.', '2022-05-07 13:34:40', '2022-05-07 13:34:40'),
	(54, '2', 5, 'Debitis placeat aut et magnam perspiciatis quae et.', 'debitis-placeat-aut-et-magnam-perspiciatis-quae-et-2022-05-07 13:34:26', 'sábado 7 mayo 2022 1:34:26 p. m.', 'storage/post/4e9f61dbe1ac06c79652ce2ab13c5c08.png', '', 6, 'Hic temporibus quia cum consectetur. Aut aliquam est et omnis quas voluptatem. Quae praesentium in sed id.', 'Quisquam in accusamus tempore cumque nisi nihil. Aut quis perferendis rem quia. Soluta qui recusandae laboriosam quo. Quibusdam est aut nihil tenetur exercitationem.', '2022-05-07 13:34:40', '2022-05-07 13:34:40'),
	(55, '2', 3, 'At ipsum eum amet aliquam.', 'at-ipsum-eum-amet-aliquam-2022-05-07 13:34:26', 'sábado 7 mayo 2022 1:34:26 p. m.', 'storage/post/cd0c93c5db7f7c7f66b175cc2d38d77a.png', '', 8, 'Quia corrupti voluptas sed sit maxime cupiditate. Sunt aut ab fuga voluptates ea. Facere et voluptatem occaecati hic.', 'Voluptatibus quis qui ipsa ut assumenda. Nihil mollitia odit et fuga quae rerum. Voluptatem similique autem cupiditate consequatur voluptas possimus.', '2022-05-07 13:34:40', '2022-05-07 13:34:40'),
	(56, '1', 5, 'Deleniti sed est perferendis fuga eum dolor.', 'deleniti-sed-est-perferendis-fuga-eum-dolor-2022-05-07 13:34:26', 'sábado 7 mayo 2022 1:34:26 p. m.', 'storage/post/43122f3742db34209f8cdfdf701dca79.png', '', 2, 'Tempore quod fuga ex assumenda cum in aliquid. Id modi inventore magni nemo iure.', 'Molestias et earum repellendus repellendus magni aut ducimus. Neque repudiandae veritatis blanditiis quis reiciendis sit. Nihil dolore ut quis laudantium quo. Ipsum nisi blanditiis blanditiis nulla eius. Aspernatur in quis laudantium non esse. Ut sit ratione officia architecto delectus.', '2022-05-07 13:34:40', '2022-05-07 13:34:40'),
	(57, '2', 10, 'Est neque ut placeat consequatur voluptas.', 'est-neque-ut-placeat-consequatur-voluptas-2022-05-07 13:34:27', 'sábado 7 mayo 2022 1:34:27 p. m.', 'storage/post/1b4c216f72cfb47a20a475fdc377015f.png', '', 1, 'Unde consequatur vel tenetur facilis amet. Officiis error quis sed quidem.', 'Et sint qui et aut enim et. Veritatis natus et modi dolorem provident nam totam. Corporis sunt molestias non dolorem labore suscipit eligendi est. Quasi fugit veritatis consequuntur voluptatem ut. Distinctio quam voluptatem earum nulla repudiandae. Ipsa laboriosam odit iure praesentium amet maxime.', '2022-05-07 13:34:40', '2022-05-07 13:34:40'),
	(58, '1', 9, 'Ut doloremque non consequatur ex.', 'ut-doloremque-non-consequatur-ex-2022-05-07 13:34:27', 'sábado 7 mayo 2022 1:34:27 p. m.', 'storage/post/8c0c5a307f39529990d344e9aae5484c.png', '', 7, 'Voluptatibus veniam et qui delectus voluptas sit ut. Optio sunt ut atque. Consequatur consequatur dolor dolorem.', 'Vitae et rerum ut eum quasi iste. Saepe excepturi qui modi deserunt id quas qui. Id necessitatibus et aliquam itaque. Quis suscipit fugit cum eveniet et. Possimus esse cum quisquam ut doloribus exercitationem.', '2022-05-07 13:34:40', '2022-05-07 13:34:40'),
	(59, '1', 9, 'Aliquam ea alias impedit quas reprehenderit.', 'aliquam-ea-alias-impedit-quas-reprehenderit-2022-05-07 13:34:27', 'sábado 7 mayo 2022 1:34:27 p. m.', 'storage/post/f79fac10b46873901082b3a9e49b86a9.png', '', 2, 'Quo delectus rerum recusandae aliquam. Et assumenda quam quas laborum. Maxime expedita ex labore.', 'Nesciunt debitis voluptates quidem. Et soluta corporis dolores ea et hic. Quod corporis facilis nihil et. Quasi temporibus suscipit pariatur quo modi est id. Cupiditate earum enim rerum voluptatum iste saepe. Deserunt odit aut maxime voluptatem ut eos.', '2022-05-07 13:34:40', '2022-05-07 13:34:40'),
	(60, '2', 2, 'Aut consequatur ad temporibus ea rerum voluptas.', 'aut-consequatur-ad-temporibus-ea-rerum-voluptas-2022-05-07 13:34:27', 'sábado 7 mayo 2022 1:34:27 p. m.', 'storage/post/4acd7faba4fea05b51885ae8c1d5250d.png', '', 1, 'Est dignissimos illum dolor sunt. Omnis consequatur perspiciatis ullam alias a.', 'Sint perferendis voluptatibus cupiditate vel illo amet cupiditate et. Consequatur delectus sed consectetur aliquam aut sed qui. Esse rerum quia repudiandae dolores. Non quo est fugiat natus eaque excepturi architecto. Tenetur adipisci consequuntur iusto repellat nostrum similique beatae.', '2022-05-07 13:34:40', '2022-05-07 13:34:40'),
	(61, '1', 9, 'Cumque nobis numquam eum veritatis.', 'cumque-nobis-numquam-eum-veritatis-2022-05-07 13:34:28', 'sábado 7 mayo 2022 1:34:28 p. m.', 'storage/post/049698071d234072283c21bdc1092f7e.png', '', 10, 'Velit nihil aliquid nam assumenda excepturi ex quia. Autem cumque aperiam velit ducimus qui. Rerum adipisci ut ut est.', 'Cumque odit ut aut aut corporis inventore quibusdam. Est non quibusdam voluptatem sunt. Quia libero voluptates possimus voluptas. Quis sint qui aperiam beatae aut explicabo cum. Officia illum beatae vel quod. Non et labore non magnam voluptas architecto.', '2022-05-07 13:34:40', '2022-05-07 13:34:40'),
	(62, '1', 11, 'Sit tempora sint fuga magnam et aut.', 'sit-tempora-sint-fuga-magnam-et-aut-2022-05-07 13:34:28', 'sábado 7 mayo 2022 1:34:28 p. m.', 'storage/post/5609bb6ae2bcdaebd9c41a1926d1da51.png', '', 10, 'Sint nam autem optio quas. Sit voluptatum eos sit aut esse consequatur totam. Non non dolores ut sapiente odio.', 'Minima facilis quis corrupti nostrum. Harum vero autem repellat ipsum in. Quibusdam ex recusandae neque est. Dolor odio voluptatibus eius occaecati eum earum modi.', '2022-05-07 13:34:40', '2022-05-07 13:34:40'),
	(63, '1', 5, 'Sunt eligendi sequi nostrum ea consequuntur culpa debitis.', 'sunt-eligendi-sequi-nostrum-ea-consequuntur-culpa-debitis-2022-05-07 13:34:28', 'sábado 7 mayo 2022 1:34:28 p. m.', 'storage/post/242d0c20dcac96dba145c9dd2325cbfe.png', '', 2, 'Quis et non porro accusantium ab. Temporibus perferendis ipsam numquam at excepturi. Velit vel laborum et fugit minus.', 'Quia corporis soluta rerum aut. Est sint id aspernatur qui. Ut dolores doloremque eum quidem repellendus sed. Nisi amet libero consectetur a incidunt aspernatur nihil qui. Ducimus aliquam similique voluptates provident. Nesciunt sunt eligendi vel eveniet.', '2022-05-07 13:34:40', '2022-05-07 13:34:40'),
	(64, '1', 10, 'Qui rerum dicta ab deserunt et maiores est.', 'qui-rerum-dicta-ab-deserunt-et-maiores-est-2022-05-07 13:34:28', 'sábado 7 mayo 2022 1:34:28 p. m.', 'storage/post/fda3464f7e45a1190070b1176cd5b894.png', '', 9, 'Nihil optio accusamus quis et sit. Nemo quos placeat et voluptate ut aperiam atque. Velit inventore magni error.', 'Quo voluptatibus dolorem a non excepturi cumque architecto. Expedita perspiciatis qui facilis est quod. Rerum atque dolorum voluptatibus soluta aliquid. Quia sequi doloremque laborum.', '2022-05-07 13:34:40', '2022-05-07 13:34:40'),
	(65, '1', 8, 'Et excepturi illum ut numquam iure enim voluptatem.', 'et-excepturi-illum-ut-numquam-iure-enim-voluptatem-2022-05-07 13:34:29', 'sábado 7 mayo 2022 1:34:29 p. m.', 'storage/post/dbc38f49dde571e5fb14aa515264b341.png', '', 2, 'Ut reiciendis debitis molestiae. Quibusdam itaque laudantium est adipisci. Dicta aut neque omnis corrupti.', 'Aliquam omnis ex ipsam ex ab vel sit amet. Deserunt pariatur et fugit. Praesentium temporibus qui expedita odio aut minima consequatur. Et animi quia quia sint autem. Reiciendis cumque expedita autem aut sed maxime. Totam error aut modi voluptatum. Et ducimus molestiae autem qui non vitae aut.', '2022-05-07 13:34:40', '2022-05-07 13:34:40'),
	(66, '1', 11, 'Et quisquam necessitatibus aut non.', 'et-quisquam-necessitatibus-aut-non-2022-05-07 13:34:29', 'sábado 7 mayo 2022 1:34:29 p. m.', 'storage/post/83d73742c9073310178dede5311603fa.png', '', 6, 'Quos optio non et. Omnis harum quia consequatur in culpa exercitationem repellendus quo. Vel facere enim eos impedit in.', 'Quaerat minus illo enim rerum natus veritatis. Voluptate asperiores aliquid qui ipsam ea. Omnis quis dolorum velit qui et.', '2022-05-07 13:34:40', '2022-05-07 13:34:40'),
	(67, '2', 5, 'Dolor aut aliquid qui omnis voluptas minus aut.', 'dolor-aut-aliquid-qui-omnis-voluptas-minus-aut-2022-05-07 13:34:29', 'sábado 7 mayo 2022 1:34:29 p. m.', 'storage/post/90f05116bb8178a89199b91d7c77e55e.png', '', 9, 'Rerum sequi et omnis et. Est dignissimos sequi sunt ratione quis omnis sit.', 'Earum et explicabo vel. Error aut cumque aut iure autem error cumque consequatur. Fuga qui velit hic est porro sequi. Et at incidunt dolores. Consequatur autem tenetur magni.', '2022-05-07 13:34:40', '2022-05-07 13:34:40'),
	(68, '2', 9, 'Reprehenderit rerum necessitatibus praesentium provident.', 'reprehenderit-rerum-necessitatibus-praesentium-provident-2022-05-07 13:34:29', 'sábado 7 mayo 2022 1:34:29 p. m.', 'storage/post/e86ee19d230839ed8dfa9cdbaebcd5d0.png', '', 4, 'Tenetur quo quidem aliquid et. Expedita ut architecto ut ea sunt consectetur.', 'Saepe et voluptatem quia esse architecto provident ex laboriosam. Et rerum quo eum consequuntur consectetur consequatur cupiditate. Et qui minus neque eius. Qui id non aut ut rerum. Perspiciatis qui et rerum quia. Commodi nihil aliquid officiis qui consequatur exercitationem.', '2022-05-07 13:34:40', '2022-05-07 13:34:40'),
	(69, '1', 8, 'Earum et ducimus consequatur sed saepe quos qui.', 'earum-et-ducimus-consequatur-sed-saepe-quos-qui-2022-05-07 13:34:30', 'sábado 7 mayo 2022 1:34:30 p. m.', 'storage/post/cb141ae4e8f47e5e40c2135fa006f88e.png', '', 10, 'Molestias facere nam hic delectus tempore. Excepturi veritatis ut vitae iure sit. Voluptas nobis ipsam aut dolor quibusdam.', 'Consequatur exercitationem rerum non qui perferendis id. Aut ipsum ullam assumenda. Itaque cumque sit sit sunt quis mollitia doloremque officia. Est et voluptatem dolorem corrupti eos quod tenetur.', '2022-05-07 13:34:40', '2022-05-07 13:34:40'),
	(70, '1', 5, 'Non velit quia repellendus.', 'non-velit-quia-repellendus-2022-05-07 13:34:30', 'sábado 7 mayo 2022 1:34:30 p. m.', 'storage/post/405e16092daef5666487ac73c786549c.png', '', 9, 'Ipsam rem rerum officiis temporibus est. Maiores praesentium rem hic sint.', 'Repellat accusamus consectetur labore omnis. Sequi quia vero nostrum doloribus. Ea sit non optio eveniet veniam. Possimus quia aspernatur dolorem doloremque voluptatem et.', '2022-05-07 13:34:40', '2022-05-07 13:34:40'),
	(71, '2', 8, 'Quibusdam dignissimos itaque explicabo ut omnis sed velit.', 'quibusdam-dignissimos-itaque-explicabo-ut-omnis-sed-velit-2022-05-07 13:34:30', 'sábado 7 mayo 2022 1:34:30 p. m.', 'storage/post/fe91c236b3016ed526a2109a9eee437f.png', '', 4, 'Quibusdam cumque doloribus qui. Autem vel soluta consequatur autem eos. Eaque temporibus voluptas dolor fugit optio.', 'Magnam dicta ratione placeat perferendis. Iusto nihil perspiciatis maiores ipsam molestiae. Enim voluptate culpa non et qui ad blanditiis. Sunt excepturi rerum aut neque cupiditate quis et.', '2022-05-07 13:34:40', '2022-05-07 13:34:40'),
	(72, '2', 2, 'Iste reprehenderit sit expedita quasi earum ut.', 'iste-reprehenderit-sit-expedita-quasi-earum-ut-2022-05-07 13:34:30', 'sábado 7 mayo 2022 1:34:30 p. m.', 'storage/post/535e850bdd8c2ac9830fb984cd058a2a.png', '', 3, 'Iure et odit iste nemo. Enim est voluptatem culpa vel perspiciatis voluptatum rerum quisquam.', 'Sit debitis itaque sequi incidunt in modi. Aspernatur quisquam quidem nihil ut quia ea. Non et deserunt impedit aspernatur aliquid.', '2022-05-07 13:34:40', '2022-05-07 13:34:40'),
	(73, '1', 4, 'Error placeat rerum ut tempore et dolores.', 'error-placeat-rerum-ut-tempore-et-dolores-2022-05-07 13:34:31', 'sábado 7 mayo 2022 1:34:31 p. m.', 'storage/post/a33b99d05caa9387b7670cc6a35f4a0c.png', '', 10, 'Rerum quis consequatur nesciunt. Sed eum repellendus voluptas. Nobis consequatur similique et vel nihil ullam.', 'Autem eius sed ex aperiam sed. Molestiae possimus voluptate harum ut maiores. Voluptate exercitationem earum officia nostrum sit qui.', '2022-05-07 13:34:40', '2022-05-07 13:34:40'),
	(74, '2', 10, 'Voluptas quo in facilis voluptatem iusto officia.', 'voluptas-quo-in-facilis-voluptatem-iusto-officia-2022-05-07 13:34:31', 'sábado 7 mayo 2022 1:34:31 p. m.', 'storage/post/9010f224ef76d4a216708f0afee8b5c9.png', '', 5, 'Quasi aut dolore ex voluptatem. Consequuntur sunt dolores ea esse sit qui unde. Dolorem numquam aut molestiae.', 'Accusamus facilis maxime ut ex ut ut. Modi dolorem modi eum quae. Nihil facilis nihil similique officiis iusto fugit tempora. Ipsam voluptatibus id voluptatem sed saepe. Quis commodi ad odio fuga accusamus.', '2022-05-07 13:34:40', '2022-05-07 13:34:40'),
	(75, '1', 11, 'Voluptas aspernatur cupiditate quibusdam nostrum est.', 'voluptas-aspernatur-cupiditate-quibusdam-nostrum-est-2022-05-07 13:34:31', 'sábado 7 mayo 2022 1:34:31 p. m.', 'storage/post/9ef22e927bd155114ae8e9a1aa664830.png', '', 3, 'Tempore eos sit aut. Natus ducimus et voluptas impedit molestiae esse.', 'Eum aut ratione enim rem non voluptatibus. Quibusdam et incidunt ratione voluptas rerum nesciunt. Enim expedita consequatur voluptatem architecto. Laboriosam laudantium unde sed minima nihil quaerat qui.', '2022-05-07 13:34:40', '2022-05-07 13:34:40'),
	(76, '2', 8, 'Cumque maxime officia et est sed mollitia facilis.', 'cumque-maxime-officia-et-est-sed-mollitia-facilis-2022-05-07 13:34:31', 'sábado 7 mayo 2022 1:34:31 p. m.', 'storage/post/854089d9b1f9367b0647a71cb0e902e1.png', '', 10, 'Quia unde nam culpa. Saepe consequuntur natus est nam ratione laborum qui. Cupiditate nemo et aut asperiores.', 'Illum sint eos non aliquid. Quia dolor qui accusantium soluta rerum eum voluptatem. Rerum et et velit nemo incidunt est. Et qui quas est ut repellendus laudantium. Earum mollitia consequatur quaerat accusantium. Quia quas aut libero delectus qui aut magnam.', '2022-05-07 13:34:40', '2022-05-07 13:34:40'),
	(77, '2', 9, 'Laborum alias unde ut dolores porro est minus.', 'laborum-alias-unde-ut-dolores-porro-est-minus-2022-05-07 13:34:32', 'sábado 7 mayo 2022 1:34:32 p. m.', 'storage/post/ce8ccba12f429cb4c1fa6322f0eca819.png', '', 2, 'Corrupti quas qui ad exercitationem in. Beatae doloremque illo ea rerum.', 'Recusandae aliquid ipsa et aut pariatur fuga dolores. Non tenetur explicabo magni minima vel. Quis optio fugit libero et iure odit. Blanditiis modi voluptates et aut corrupti.', '2022-05-07 13:34:40', '2022-05-07 13:34:40'),
	(78, '1', 10, 'Pariatur fugiat recusandae cum et rerum corporis.', 'pariatur-fugiat-recusandae-cum-et-rerum-corporis-2022-05-07 13:34:32', 'sábado 7 mayo 2022 1:34:32 p. m.', 'storage/post/cb26aad04e7860300aad0cda62bf6620.png', '', 10, 'Consequuntur accusantium quos placeat neque neque ipsum debitis. Nam libero animi et et et consectetur enim.', 'Qui aut cum saepe sit. Ut et numquam veritatis dignissimos accusamus. Aperiam inventore sit labore sunt labore. Eos blanditiis molestiae aut. Et optio dolor et rerum autem ut autem architecto. Recusandae consequuntur ut nihil cum sit et. Ipsa voluptas facere et sequi nam illum omnis.', '2022-05-07 13:34:40', '2022-05-07 13:34:40'),
	(79, '1', 5, 'Rem id fugiat ut placeat temporibus impedit.', 'rem-id-fugiat-ut-placeat-temporibus-impedit-2022-05-07 13:34:32', 'sábado 7 mayo 2022 1:34:32 p. m.', 'storage/post/b35dfc4ed8bad30e548749a570a7e057.png', '', 3, 'Ullam quam quam qui et earum reiciendis. Magnam animi harum sapiente repellat et quos. Et et qui quia ab.', 'Praesentium facere est est magni. Et impedit cumque itaque vitae perferendis maxime. Qui labore omnis quis. Quae at quos occaecati ducimus soluta aut qui. Sequi reiciendis omnis blanditiis nostrum neque.', '2022-05-07 13:34:40', '2022-05-07 13:34:40'),
	(80, '1', 2, 'Unde adipisci dolore sapiente placeat velit animi voluptas.', 'unde-adipisci-dolore-sapiente-placeat-velit-animi-voluptas-2022-05-07 13:34:32', 'sábado 7 mayo 2022 1:34:32 p. m.', 'storage/post/0554eb65f0dd8c2f14397c800c92ff8c.png', '', 9, 'Iusto corporis illo voluptas esse reiciendis. Ipsa corporis qui vel quia quaerat consequatur.', 'Quisquam dolor sint voluptatem recusandae quia. Debitis eum ea eaque eum temporibus et. Excepturi repudiandae ut aut veniam qui. Mollitia dicta non iste consectetur tempore aut ipsum.', '2022-05-07 13:34:40', '2022-05-07 13:34:40'),
	(81, '2', 7, 'Fuga at sapiente et occaecati qui aliquid.', 'fuga-at-sapiente-et-occaecati-qui-aliquid-2022-05-07 13:34:33', 'sábado 7 mayo 2022 1:34:33 p. m.', 'storage/post/1a90ce10a46cd0628934c2c6d38f1b78.png', '', 7, 'Nostrum consequatur tempora explicabo quis voluptatum. Facilis libero dolores ut saepe commodi.', 'Magnam numquam quis nostrum nam ab vel. Similique vitae nulla ad. Quia quia velit tempora autem. Fuga repellat inventore rerum ex. Quis velit voluptas quos iste laborum. Enim quis dolore odio. Voluptas rerum ut numquam suscipit adipisci.', '2022-05-07 13:34:40', '2022-05-07 13:34:40'),
	(82, '2', 1, 'Rerum repellat hic minus possimus.', 'rerum-repellat-hic-minus-possimus-2022-05-07 13:34:33', 'sábado 7 mayo 2022 1:34:33 p. m.', 'storage/post/29bc9933d34a3e0fc499660726cfa474.png', '', 6, 'Sit explicabo magni culpa quam et. Omnis recusandae nisi quia quas. Voluptatem minima dolorem alias explicabo assumenda rerum.', 'Sequi labore placeat iure ea quaerat. Nisi quas enim aspernatur consequatur nesciunt porro et. Dolores deleniti aperiam sed.', '2022-05-07 13:34:40', '2022-05-07 13:34:40'),
	(83, '1', 7, 'Quis non qui ex eveniet.', 'quis-non-qui-ex-eveniet-2022-05-07 13:34:33', 'sábado 7 mayo 2022 1:34:33 p. m.', 'storage/post/7da9cced68e621db592607aa281dbe78.png', '', 4, 'Aliquam incidunt porro distinctio explicabo. Deserunt nulla id nulla. Aut saepe in voluptatem dolore.', 'Nostrum facilis voluptatum odit velit. Ut nisi consequatur ut facilis. Sapiente accusamus voluptatem a atque. Non eos expedita quia tempora nobis voluptatem qui.', '2022-05-07 13:34:40', '2022-05-07 13:34:40'),
	(84, '1', 4, 'Quae repellat inventore ea ea consequatur.', 'quae-repellat-inventore-ea-ea-consequatur-2022-05-07 13:34:33', 'sábado 7 mayo 2022 1:34:33 p. m.', 'storage/post/1c7158a56d9eacbe108ad75ab3c423aa.png', '', 6, 'Atque voluptatibus repudiandae repellat at est. Optio et eos soluta labore est minima.', 'Minus sed provident consequatur. Voluptatem at unde tempore reiciendis. Ex ipsa deleniti ut cupiditate. Et non omnis unde quis id quia quia. Dolorum autem ipsa culpa excepturi quod velit rerum. Quibusdam voluptatem et iure sunt natus et vero. Temporibus repellat dolorum voluptatem mollitia sit.', '2022-05-07 13:34:40', '2022-05-07 13:34:40'),
	(85, '2', 11, 'Quidem culpa ut quidem ducimus atque et facere.', 'quidem-culpa-ut-quidem-ducimus-atque-et-facere-2022-05-07 13:34:34', 'sábado 7 mayo 2022 1:34:34 p. m.', 'storage/post/35e3c3bce36a249e886af7c4d82f89a7.png', '', 7, 'Dignissimos inventore quaerat minus excepturi impedit consequatur. Corporis autem sequi nihil.', 'Cumque sapiente aut est amet totam. Labore harum omnis cumque voluptas qui et amet consequatur. Mollitia iste et ratione temporibus omnis ut. Adipisci mollitia dolore in.', '2022-05-07 13:34:40', '2022-05-07 13:34:40'),
	(86, '1', 6, 'Et hic est voluptas accusamus.', 'et-hic-est-voluptas-accusamus-2022-05-07 13:34:34', 'sábado 7 mayo 2022 1:34:34 p. m.', 'storage/post/0d07241801d60da94f03a8dfece8f2ce.png', '', 9, 'Et illum enim sint hic. Sunt nesciunt corporis ut ea sunt. Optio dolorem cumque pariatur ut.', 'Repudiandae incidunt reiciendis enim eaque quia. Illo rerum autem explicabo pariatur dolores deserunt sed. Minima dolorum ut autem dolorem.', '2022-05-07 13:34:40', '2022-05-07 13:34:40'),
	(87, '1', 10, 'Rem non eum molestias dolores aut earum ab.', 'rem-non-eum-molestias-dolores-aut-earum-ab-2022-05-07 13:34:34', 'sábado 7 mayo 2022 1:34:34 p. m.', 'storage/post/5ef056aa56726ada5a6fe38b5433a802.png', '', 9, 'Ipsam ipsa saepe nisi minima debitis. Harum quam non quia aperiam et. Accusamus repellat tempore et nisi vitae est qui et.', 'Sed in non et quia atque aliquam excepturi pariatur. Doloribus omnis consequatur nobis ullam. Quia non exercitationem velit ipsa culpa nihil odio. Voluptatem assumenda quia omnis qui fugiat eaque.', '2022-05-07 13:34:40', '2022-05-07 13:34:40'),
	(88, '2', 4, 'Quam rerum velit aut alias.', 'quam-rerum-velit-aut-alias-2022-05-07 13:34:34', 'sábado 7 mayo 2022 1:34:34 p. m.', 'storage/post/7a731ea7826b9606e334e18fc12295e5.png', '', 9, 'Dolorem doloribus doloremque impedit facere nam. Id cumque ipsa et nihil quam nulla aperiam.', 'Exercitationem harum aut velit quis corporis. Ea dolorem non culpa aliquid libero est.', '2022-05-07 13:34:40', '2022-05-07 13:34:40'),
	(89, '1', 10, 'Ut quas incidunt fugiat pariatur.', 'ut-quas-incidunt-fugiat-pariatur-2022-05-07 13:34:35', 'sábado 7 mayo 2022 1:34:35 p. m.', 'storage/post/177b1906870ac4b34af9017e8af49497.png', '', 10, 'Vel quod veniam provident. Est qui est qui asperiores numquam explicabo amet.', 'Eaque illo necessitatibus dolorum accusamus. Quo voluptas atque ut non. Consequatur commodi mollitia tenetur quidem. Nisi aut voluptatem non nihil saepe. Inventore aut modi veniam dolorem. Beatae ad ipsam rem sequi sed. Assumenda ex amet unde aliquid.', '2022-05-07 13:34:40', '2022-05-07 13:34:40'),
	(90, '2', 6, 'Et qui in aspernatur atque accusantium et.', 'et-qui-in-aspernatur-atque-accusantium-et-2022-05-07 13:34:35', 'sábado 7 mayo 2022 1:34:35 p. m.', 'storage/post/1d6098ac1d3a74dc5556a5ac78066897.png', '', 2, 'Sed sed nisi vel. Nulla earum earum est cumque facilis incidunt odio. Et architecto quis sint eaque enim.', 'Est vitae vel aliquid temporibus possimus. Sint quia ut quia voluptas. Doloremque occaecati ut et molestiae qui ut. Totam ut eos ut quis placeat. Sit cum nisi quis consequuntur.', '2022-05-07 13:34:40', '2022-05-07 13:34:40'),
	(91, '2', 3, 'Qui hic possimus unde itaque reprehenderit rerum quisquam.', 'qui-hic-possimus-unde-itaque-reprehenderit-rerum-quisquam-2022-05-07 13:34:35', 'sábado 7 mayo 2022 1:34:35 p. m.', 'storage/post/19a04e861e0650a253e1a629991759d0.png', '', 8, 'Non esse voluptas velit. Tempora non voluptatem ut nobis. Et ducimus eius quibusdam.', 'Temporibus ipsam qui repellat. Aliquid dolore quia voluptas. Qui est corporis quo voluptas. Tenetur atque ipsa magnam sint quas laboriosam.', '2022-05-07 13:34:40', '2022-05-07 13:34:40'),
	(92, '2', 4, 'Facere natus est harum ratione voluptas sequi at accusamus.', 'facere-natus-est-harum-ratione-voluptas-sequi-at-accusamus-2022-05-07 13:34:35', 'sábado 7 mayo 2022 1:34:35 p. m.', 'storage/post/8af4a9b89b79c2911508d17b03940650.png', '', 9, 'Reprehenderit autem voluptas occaecati. Qui unde dicta ipsa debitis.', 'Ex necessitatibus rerum consectetur aut. Quasi repellat vitae quaerat dignissimos iure. Eligendi earum suscipit sit vel tempore id perspiciatis. Qui consequuntur earum iusto laborum. Quas labore aliquid soluta. Vel iste autem magnam et vitae repellendus.', '2022-05-07 13:34:40', '2022-05-07 13:34:40'),
	(93, '2', 9, 'Aut rerum et optio a quisquam.', 'aut-rerum-et-optio-a-quisquam-2022-05-07 13:34:36', 'sábado 7 mayo 2022 1:34:36 p. m.', 'storage/post/edd6f274e626ec4b05c067ffb806a72c.png', '', 8, 'Quia voluptatum ea et consectetur. Nobis aut qui omnis ab corrupti aut. Quia saepe tempora et modi inventore.', 'Est non unde occaecati itaque voluptas. Reiciendis et qui adipisci reiciendis odit. Debitis sed soluta ex. Natus sit repellendus possimus molestias quis qui esse.', '2022-05-07 13:34:40', '2022-05-07 13:34:40'),
	(94, '1', 5, 'Magni nisi nulla mollitia.', 'magni-nisi-nulla-mollitia-2022-05-07 13:34:36', 'sábado 7 mayo 2022 1:34:36 p. m.', 'storage/post/e4459e75c67787af3192ec9c615657bd.png', '', 8, 'Et occaecati ut itaque. Et delectus rerum dolorum quod error similique eos.', 'Tempore est maxime nesciunt omnis consequuntur rerum itaque. Voluptate sit doloribus eveniet ut quasi mollitia et. Repellat corrupti nesciunt minus corporis minima. Voluptas fugiat nam sunt iusto sequi tempore aliquam. Nisi voluptatem mollitia iste quaerat culpa et eius quidem.', '2022-05-07 13:34:40', '2022-05-07 13:34:40'),
	(95, '2', 10, 'Nostrum minima ducimus atque maxime.', 'nostrum-minima-ducimus-atque-maxime-2022-05-07 13:34:36', 'sábado 7 mayo 2022 1:34:36 p. m.', 'storage/post/6e8527394b0c80f16d9d7a4414b7fea9.png', '', 9, 'Aut qui nihil dolores. Minus quis id molestiae qui officia quo. Qui sed est voluptatem quam. Cum sunt accusamus commodi.', 'Culpa nihil non et voluptas et quis rem. Voluptatem quia dolorum in corrupti. Distinctio ea totam dicta quam quaerat. Dolorum quam sed delectus dolorem sunt cupiditate. Natus totam tenetur dolore minima earum. Aut dolores et laboriosam.', '2022-05-07 13:34:40', '2022-05-07 13:34:40'),
	(96, '2', 6, 'Hic deleniti unde incidunt tenetur assumenda ratione.', 'hic-deleniti-unde-incidunt-tenetur-assumenda-ratione-2022-05-07 13:34:36', 'sábado 7 mayo 2022 1:34:36 p. m.', 'storage/post/08aa07e595c5f22b75f33f1375948c74.png', '', 3, 'Alias facere eum voluptatibus ea veritatis iusto neque. Odio debitis nostrum qui maiores. Eveniet sed facilis fugit cum.', 'Et sed ipsum provident neque perspiciatis ut. Aspernatur iure dolor cum nemo qui. Sint molestiae libero quis fuga non quia. Sint qui beatae quasi et incidunt.', '2022-05-07 13:34:40', '2022-05-07 13:34:40'),
	(97, '1', 11, 'Repellat assumenda ut minima eaque est voluptatem repellat.', 'repellat-assumenda-ut-minima-eaque-est-voluptatem-repellat-2022-05-07 13:34:37', 'sábado 7 mayo 2022 1:34:37 p. m.', 'storage/post/118d21f3d6575733df80cb6b726b1e20.png', '', 5, 'Eum asperiores aut quas facilis nihil saepe. Modi facere quia aperiam laboriosam qui nihil voluptatem. Sed qui quidem et magni.', 'Quia repellendus assumenda dolor. Sed esse ex dignissimos qui. Quibusdam minus dignissimos expedita ipsum magni qui iusto quaerat. Nisi et beatae sed cumque vero fugiat ex.', '2022-05-07 13:34:40', '2022-05-07 13:34:40'),
	(98, '2', 8, 'Quae aut molestias non neque.', 'quae-aut-molestias-non-neque-2022-05-07 13:34:37', 'sábado 7 mayo 2022 1:34:37 p. m.', 'storage/post/84b874ddf306873dad88b8726eff5e98.png', '', 6, 'Occaecati ut quisquam quisquam omnis tempore porro. Et ea recusandae natus numquam. In necessitatibus aspernatur rerum culpa.', 'Architecto deserunt architecto consequatur quod rerum. Consequatur sunt veritatis architecto facilis. Alias ut aut autem quo quae non qui. Voluptatem adipisci illum cupiditate quis.', '2022-05-07 13:34:40', '2022-05-07 13:34:40'),
	(99, '1', 2, 'Aut omnis eaque ut in officiis deserunt.', 'aut-omnis-eaque-ut-in-officiis-deserunt-2022-05-07 13:34:37', 'sábado 7 mayo 2022 1:34:37 p. m.', 'storage/post/566ffed8d82db07abb8bab92ec46b4fc.png', '', 9, 'Laborum minima ut pariatur libero. Accusantium amet consequuntur incidunt omnis cum. Repellendus vel in dolore enim.', 'Quam voluptate ipsam accusantium fuga. A consequuntur tempora sit omnis nostrum facere tempore. In voluptatibus aliquam sed tempora quo dolore dolor maxime. Nam sit sit consequatur est est velit ut. Enim quidem odit neque est omnis unde quas vitae. Harum dolorem aut sint est adipisci.', '2022-05-07 13:34:40', '2022-05-07 13:34:40'),
	(100, '2', 6, 'Recusandae dolorem ea dolores assumenda iusto rem.', 'recusandae-dolorem-ea-dolores-assumenda-iusto-rem-2022-05-07 13:34:37', 'sábado 7 mayo 2022 1:34:37 p. m.', 'storage/post/844b3da6ac263bd24f7d3e7b558e37c7.png', '', 4, 'Quis et ipsam quo esse et. Delectus tenetur voluptatem autem modi. Est rerum et nulla iure aliquid iure maiores.', 'Laudantium tempore facere aliquam. Voluptatem est autem odio corrupti dolor voluptatem. Deserunt dicta at id qui omnis. Aliquam tempore ut non aut vitae voluptates. Saepe veritatis sint numquam cumque vel quibusdam vitae. Doloribus hic quam consequuntur non dicta.', '2022-05-07 13:34:40', '2022-05-07 13:34:40'),
	(101, '2', 2, 'Explicabo et ad expedita et quod.', 'explicabo-et-ad-expedita-et-quod-2022-05-07 13:34:37', 'sábado 7 mayo 2022 1:34:37 p. m.', 'storage/post/04c6481636e0630bcbe05e6a1587032f.png', '', 4, 'Qui non reiciendis eos ab. Cumque iure error nemo reiciendis.', 'Corrupti consequatur ut soluta sit itaque officia adipisci similique. Iure ut velit impedit laborum itaque facere eos. Sit quidem non accusamus cum eligendi est. Nihil perspiciatis placeat aspernatur sit.', '2022-05-07 13:34:40', '2022-05-07 13:34:40'),
	(102, '1', 2, 'Eveniet ut eveniet nisi ratione expedita recusandae.', 'eveniet-ut-eveniet-nisi-ratione-expedita-recusandae-2022-05-07 13:34:38', 'sábado 7 mayo 2022 1:34:38 p. m.', 'storage/post/e5bd9129710c6803f53bc1f6d12868f3.png', '', 7, 'Quod sequi recusandae quis corrupti est. Amet dolorem consequuntur non ab repellendus. Et consequuntur voluptas voluptatem nihil.', 'Soluta quam ut ad. Qui libero ut fuga iusto eum sunt nam. Totam doloremque ut minima et alias aspernatur modi. Est cumque temporibus ea. Repudiandae quaerat repellat minima pariatur sint et ex. Occaecati fuga accusamus optio ut. Saepe commodi laborum ut placeat et consequatur.', '2022-05-07 13:34:40', '2022-05-07 13:34:40'),
	(103, '1', 10, 'Aut numquam perspiciatis suscipit.', 'aut-numquam-perspiciatis-suscipit-2022-05-07 13:34:38', 'sábado 7 mayo 2022 1:34:38 p. m.', 'storage/post/7b90362ad19b7ca3c9d0025faf6cb075.png', '', 10, 'Quia ipsa ut ut facere hic. Natus dolore aliquam est deleniti est. Ducimus minus aspernatur nesciunt natus qui aliquid doloribus.', 'Est ipsum pariatur sunt qui. Quia at est eius fugiat error hic saepe. Dolores nihil vel nihil voluptate ut vero. Ipsam iste omnis voluptatum laudantium magnam non. Rerum aut alias perferendis eligendi tempore et sit at. Assumenda voluptatem voluptates harum exercitationem corporis.', '2022-05-07 13:34:40', '2022-05-07 13:34:40'),
	(104, '1', 8, 'Ut ipsam consequuntur omnis aliquid asperiores.', 'ut-ipsam-consequuntur-omnis-aliquid-asperiores-2022-05-07 13:34:38', 'sábado 7 mayo 2022 1:34:38 p. m.', 'storage/post/5b57e78f52b05d4588a9edfca01d228c.png', '', 3, 'Aut sed est odio veritatis eligendi ut. Sit fugiat non et hic fugit eaque. Quos voluptatem ipsum id similique inventore.', 'Los peces realizan la mayor parte del intercambio gaseoso mediante el uso de las branquias, que se encuentran hacia ambos lados de la faringe. Las branquias están constituidas por estructuras filiformes denominadas filamentos branquiales. Cada uno de estos filamentos contienen capilares, que permiten una gran superficie para el intercambio de oxígeno y dióxido de carbono. Este intercambio se produce cuando el pez aspira agua, que pasa a través de las branquias.', '2022-05-07 13:34:40', '2022-05-07 13:34:40'),
	(105, '1', 7, 'Dolor earum aut consequatur velit accusamus eligendi cum.', 'dolor-earum-aut-consequatur-velit-accusamus-eligendi-cum-2022-05-07 13:34:39', 'sábado 7 mayo 2022 1:34:39 p. m.', 'storage/post/3ee2ef0f73612c30f9269475ba66c518.png', '', 3, 'Fugit blanditiis necessitatibus velit dicta deserunt. Totam qui quia quia a. Sint repudiandae ea sit eligendi in doloremque ad.', 'Et omnis et architecto numquam neque. Odio sunt possimus facilis fugit eos. Minima omnis omnis officiis perferendis ea. Quia sunt itaque eius est. Fugiat et itaque tempore unde similique nesciunt aspernatur. Quos non corporis quisquam et id. Suscipit natus harum voluptatum voluptatem.', '2022-05-07 13:34:40', '2022-05-07 13:34:40'),
	(106, '1', 2, 'Eaque ratione a rerum corporis vel voluptatem odit.', 'eaque-ratione-a-rerum-corporis-vel-voluptatem-odit-2022-05-07 13:34:39', 'sábado 7 mayo 2022 1:34:39 p. m.', 'storage/post/4d38e84104452f5245d60d34cb885b0e.png', '', 4, 'Qui iste exercitationem eum laudantium. Esse iure et aut rerum aut animi earum.', 'Perferendis aut officiis est voluptatem sunt fuga accusamus. Et delectus enim quia dolorum fugit. Dolorem velit provident autem perferendis aut esse. Eum reiciendis accusantium minus facere est sit.', '2022-05-07 13:34:40', '2022-05-07 13:34:40'),
	(107, '1', 5, 'Autem velit nam ipsa id nam.', 'autem-velit-nam-ipsa-id-nam-2022-05-07 13:34:39', 'sábado 7 mayo 2022 1:34:39 p. m.', 'storage/post/71a76c8c7572e38c750a3bb995924051.png', '', 5, 'Qui repudiandae dicta id fuga et impedit repellat est. Autem voluptas nihil voluptas in. Excepturi culpa sit beatae.', 'Repellendus aspernatur velit est suscipit ducimus qui iusto. Optio eos sint fugit atque enim consequuntur voluptatem tenetur. Soluta qui velit iusto voluptas. Delectus eum libero aut aperiam.', '2022-05-07 13:34:40', '2022-05-07 13:34:40'),
	(108, '2', 10, 'Illum ipsum eum sit labore assumenda ipsam.', 'illum-ipsum-eum-sit-labore-assumenda-ipsam-2022-05-07 13:34:39', 'sábado 7 mayo 2022 1:34:39 p. m.', 'storage/post/c46894217594515ee5e1e998dabb249d.png', '', 6, 'Aliquid quia dolorem sint cumque dolores magnam. Mollitia omnis sapiente consequatur. Sunt quam quia quo non.', 'Eveniet aliquam saepe iste ipsam dolorum. Laudantium non doloremque veniam autem rerum. Libero est sint ut dolorem et qui. Voluptas rerum consequatur voluptate non dolorem numquam et. Enim nobis fuga expedita pariatur velit harum. Iure ipsa quis temporibus consequuntur voluptatum recusandae.', '2022-05-07 13:34:40', '2022-05-07 13:34:40'),
	(109, '1', 1, 'Nam et quasi aut qui iusto sunt dolore.', 'nam-et-quasi-aut-qui-iusto-sunt-dolore-2022-05-07 13:34:40', 'sábado 7 mayo 2022 1:34:40 p. m.', 'storage/post/26128d4c21df63b42c1d28a04721ac39.png', '', 9, 'Est cumque illo facere. Voluptatum aperiam natus vel eos. Aut quia voluptas sint molestias fuga.', 'Deserunt mollitia temporibus fugiat praesentium voluptas inventore eius adipisci. Ut adipisci deserunt aut aut ullam veniam. Nostrum iure impedit aut beatae dolorem libero. Odio dolor atque incidunt quae quo repellendus commodi placeat.', '2022-05-07 13:34:40', '2022-05-07 13:34:40'),
	(110, '1', 10, 'El pez mas grande de todo el mundo', 'quia-ex-voluptas-magnam-dicta-voluptatem-2022-05-07 13:34:40', 'sábado 7 mayo 2022 1:34:40 p. m.', 'storage/post/609294a01f377.r_d.1951-2661-0.jpeg', '', 9, 'son animales vertebrados primariamente acuáticos, generalmente ectotérmicos ', 'Los peces realizan la mayor parte del intercambio gaseoso mediante el uso de las branquias, que se encuentran hacia ambos lados de la faringe. Las branquias están constituidas por estructuras filiformes denominadas filamentos branquiales. Cada uno de estos filamentos contienen capilares, que permiten una gran superficie para el intercambio de oxígeno y dióxido de carbono. Este intercambio se produce cuando el pez aspira agua, que pasa a través de las branquias.', '2022-05-07 13:34:40', '2022-05-07 13:34:40');
/*!40000 ALTER TABLE `posts` ENABLE KEYS */;

-- Volcando estructura para tabla blog3-9-b.users
CREATE TABLE IF NOT EXISTS `users` (
  `id` bigint(20) unsigned NOT NULL AUTO_INCREMENT,
  `status` enum('1','2') COLLATE utf8mb4_unicode_ci NOT NULL DEFAULT '2',
  `name` varchar(15) COLLATE utf8mb4_unicode_ci NOT NULL,
  `image` varchar(255) COLLATE utf8mb4_unicode_ci DEFAULT NULL,
  `password` varchar(60) COLLATE utf8mb4_unicode_ci NOT NULL,
  `email` varchar(40) COLLATE utf8mb4_unicode_ci NOT NULL,
  `email_verified_at` timestamp NULL DEFAULT NULL,
  `remember_token` varchar(100) COLLATE utf8mb4_unicode_ci DEFAULT NULL,
  `created_at` timestamp NULL DEFAULT NULL,
  `updated_at` timestamp NULL DEFAULT NULL,
  PRIMARY KEY (`id`),
  UNIQUE KEY `users_name_unique` (`name`),
  UNIQUE KEY `users_email_unique` (`email`)
) ENGINE=InnoDB AUTO_INCREMENT=13 DEFAULT CHARSET=utf8mb4 COLLATE=utf8mb4_unicode_ci;

-- Volcando datos para la tabla blog3-9-b.users: ~11 rows (aproximadamente)
/*!40000 ALTER TABLE `users` DISABLE KEYS */;
INSERT INTO `users` (`id`, `status`, `name`, `image`, `password`, `email`, `email_verified_at`, `remember_token`, `created_at`, `updated_at`) VALUES
	(1, '1', 'Non.', 'storage/post/1c1453871c08b52ff58cef267c999662.png', 'fZltRrx4olvGhgbR2SvrsuHQDQsvTpai7zBqx2Ih4nlgY1hOokRjGoYtfFrK', 'fay.garret@example.com', '2022-05-07 13:33:52', '6XQfCIky5jcDgI41uB54', '2022-05-07 13:33:54', '2022-05-07 13:33:54'),
	(2, '1', 'Quia autem.', 'storage/post/b20c88b74bdfe8c0c06ebef053c80259.png', 'Ng7w1LQGsUEwhbDkCzVZumbBPTgeV2DoE2q3DTUNaSh5X4RRz7vOkgwVju5P', 'stamm.ocie@example.org', '2022-05-07 13:33:52', 'mylhm3RpLVzB8vDuor4j', '2022-05-07 13:33:54', '2022-05-07 13:33:54'),
	(3, '2', 'Est labore quo.', 'storage/post/fd0d800d668f6c443fd06ef81c70fae8.png', 'IPukiAvhllPqDLTuwe5qTT5ZvXP7DfSKTC9YB7PZ7kj6yD8kQ0pLBRb74hjY', 'lonie.lemke@example.org', '2022-05-07 13:33:52', 'zCoKiB8sJlyGt3OBk9b8', '2022-05-07 13:33:54', '2022-05-07 13:33:54'),
	(4, '2', 'Cum suscipit.', 'storage/post/5279510ad3f1213edea026641d70b9f8.png', 'Rh5dKfEkBsFId6NUxHuwvDcjUHtHls6Y57A1gcwffV3ZseEJ2qGgXsEZlE7a', 'nitzsche.kaela@example.com', '2022-05-07 13:33:52', 'lnNNZemv1fwuMENuQyQo', '2022-05-07 13:33:54', '2022-05-07 13:33:54'),
	(5, '2', 'Ipsam sunt at.', 'storage/post/5f8f04692a32a48e3499d4ba2e9601bc.png', 'Jbx8ZoFIIsIH8nvoqUymYKgF2QLZOZ5A0yQ2gDpltgVgJXDNYCFiBfd69Y3y', 'katarina.abernathy@example.net', '2022-05-07 13:33:53', '3t7IwGWpkl5uWpoSxarj', '2022-05-07 13:33:54', '2022-05-07 13:33:54'),
	(6, '2', 'Voluptas.', 'storage/post/edb30ed52d0d1f9588bcd42eb4c1f0e2.png', '96nLMHM8FjGfqNeNX3HYzteRqWxFE1QjnyZWLmj3FxbgA77GB1ft0iCAUSvS', 'filiberto68@example.org', '2022-05-07 13:33:53', 'Ye16JkwU9oxxdpIZuzxF', '2022-05-07 13:33:54', '2022-05-07 13:33:54'),
	(7, '2', 'Ut voluptate.', 'storage/post/092208ecb538cdea44a60ed3fe433030.png', 'USTjHvC6jjPc7NIX7jpMayM8lWZgm8yCY66i5otyUDup9UVvG9RjQlHNWRCo', 'wosinski@example.com', '2022-05-07 13:33:53', 'vY0ktsBR94v0zv35llgF', '2022-05-07 13:33:54', '2022-05-07 13:33:54'),
	(8, '1', 'Autem.', 'storage/post/3f306a78dea412ff3c58eebc0ee783a3.png', 'mqueqgPA8NJHvbcI6O05veXkIeBJ4ellOS35RPCVXYTDO56IFkxlaZHElz2J', 'mante.frederique@example.net', '2022-05-07 13:33:53', 'xbf0myfPuMDMvdYDNMTZ', '2022-05-07 13:33:54', '2022-05-07 13:33:54'),
	(9, '1', 'Ullam ut.', 'storage/post/2e222aa03cfbcc395659eeca9cf03e60.png', 'OFVpFlgH3Lefg80bkYKkSFdo2y8PpYFmu2namsU1elsSkY8UL5tqZ6R2YFmL', 'jamarcus83@example.org', '2022-05-07 13:33:54', '9vriYNiTLQI7Httym2tB', '2022-05-07 13:33:54', '2022-05-07 13:33:54'),
	(10, '2', 'Nobis omnis.', 'storage/post/0044ea38459fbee7918e6704b9c58f71.png', 'HPchEz2HPlPrvoGt091Vq4WSAr7C8qJHPeXoBypeqxkEIPKrKrPikeHq3fNV', 'rdickinson@example.net', '2022-05-07 13:33:54', 'gugZukMwImC7XcaGubZd', '2022-05-07 13:33:54', '2022-05-07 13:33:54'),
	(11, '1', 'omar', 'https://ecuadorendirecto.com/wp-content/uploads/2020/12/03-taylor-swift-press-cr-Beth-Garrabrant-2020-billboard-1548-1607617377-compressed.jpg', '$2y$10$3Ts1qLI7p4.kzYl0cD3BpuUZPurS6IgcqVG.0pZAth/KEfL/mMoBi', 'omar@gmail.com', NULL, NULL, '2022-05-07 13:33:54', '2022-05-07 13:33:54'),
	(12, '1', 'caca-OrdgD', '/images/icon.png', '$2y$10$VUN5gdDvKB0FoWZXpv140ORmLWge87Jl3wS6xEGKzk4XowDy9cWZu', 'caca@gmail.com', NULL, NULL, '2022-05-07 13:49:06', '2022-05-07 13:49:06');
/*!40000 ALTER TABLE `users` ENABLE KEYS */;

/*!40101 SET SQL_MODE=IFNULL(@OLD_SQL_MODE, '') */;
/*!40014 SET FOREIGN_KEY_CHECKS=IFNULL(@OLD_FOREIGN_KEY_CHECKS, 1) */;
/*!40101 SET CHARACTER_SET_CLIENT=@OLD_CHARACTER_SET_CLIENT */;
/*!40111 SET SQL_NOTES=IFNULL(@OLD_SQL_NOTES, 1) */;
